checkpoint_label,checkpoint_path,checkpoint_algo,checkpoint_global_env_steps,config_path,rl_variant,n,rho_target,seed,m_target,m_final,rho_final,episode_len,terminal_lambda2_norm,terminal_lambda2,rl_runtime_sec,runtime_sec,runtime_total_sec,init_mode,init_route_label,init_family,init_edges,init_lambda2,init_build_runtime_sec,init_cache_hit,init_selected_index,init_errors,overlap_post_completion_selection,overlap_candidate_count,overlap_evaluated_families,top_k,dist_cap,method,repeat_idx
best,C:\Users\erich\Documents\AFRL\Algebraic-Connectivity-Optimization-CDC2026\lite_trials\checkpoints\best.pt,ppo,7000,C:\Users\erich\Documents\AFRL\Algebraic-Connectivity-Optimization-CDC2026\lite_trials\lite_config.yaml,full,24,0.00395256917,0,24,24,0.003952569169960474,1,0.014542406422833923,0.34901775414801417,0.003478299999187584,0.003478299999187584,0.003478299999187584,path,path,path,23,0.0,0.0,False,,,False,1,path,64,4,RL+Path,0
best,C:\Users\erich\Documents\AFRL\Algebraic-Connectivity-Optimization-CDC2026\lite_trials\checkpoints\best.pt,ppo,7000,C:\Users\erich\Documents\AFRL\Algebraic-Connectivity-Optimization-CDC2026\lite_trials\lite_config.yaml,full,24,0.00395256917,1,24,24,0.003952569169960474,1,0.014542406422833923,0.34901775414801417,0.0009991999995691003,0.0009991999995691003,0.0009991999995691003,path,path,path,23,0.0,0.0,False,,,False,1,path,64,4,RL+Path,1
best,C:\Users\erich\Documents\AFRL\Algebraic-Connectivity-Optimization-CDC2026\lite_trials\checkpoints\best.pt,ppo,7000,C:\Users\erich\Documents\AFRL\Algebraic-Connectivity-Optimization-CDC2026\lite_trials\lite_config.yaml,full,24,0.00395256917,2,24,24,0.003952569169960474,1,0.014542406422833923,0.34901775414801417,0.000960299999860581,0.000960299999860581,0.000960299999860581,path,path,path,23,0.0,0.0,False,,,False,1,path,64,4,RL+Path,2
best,C:\Users\erich\Documents\AFRL\Algebraic-Connectivity-Optimization-CDC2026\lite_trials\checkpoints\best.pt,ppo,7000,C:\Users\erich\Documents\AFRL\Algebraic-Connectivity-Optimization-CDC2026\lite_trials\lite_config.yaml,full,24,0.114624505929,0,52,52,0.11462450592885376,29,0.3355478864074157,8.053149273777976,0.03796109999893815,0.03796109999893815,0.03796109999893815,path,path,path,23,0.0,0.0,False,,,False,1,path,64,4,RL+Path,0
best,C:\Users\erich\Documents\AFRL\Algebraic-Connectivity-Optimization-CDC2026\lite_trials\checkpoints\best.pt,ppo,7000,C:\Users\erich\Documents\AFRL\Algebraic-Connectivity-Optimization-CDC2026\lite_trials\lite_config.yaml,full,24,0.114624505929,1,52,52,0.11462450592885376,29,0.3355478864074157,8.053149273777976,0.0396532999984629,0.0396532999984629,0.0396532999984629,path,path,path,23,0.0,0.0,False,,,False,1,path,64,4,RL+Path,1
best,C:\Users\erich\Documents\AFRL\Algebraic-Connectivity-Optimization-CDC2026\lite_trials\checkpoints\best.pt,ppo,7000,C:\Users\erich\Documents\AFRL\Algebraic-Connectivity-Optimization-CDC2026\lite_trials\lite_config.yaml,full,24,0.114624505929,2,52,52,0.11462450592885376,29,0.3355478864074157,8.053149273777976,0.023426300000210176,0.023426300000210176,0.023426300000210176,path,path,path,23,0.0,0.0,False,,,False,1,path,64,4,RL+Path,2
best,C:\Users\erich\Documents\AFRL\Algebraic-Connectivity-Optimization-CDC2026\lite_trials\checkpoints\best.pt,ppo,7000,C:\Users\erich\Documents\AFRL\Algebraic-Connectivity-Optimization-CDC2026\lite_trials\lite_config.yaml,full,24,0.225296442688,0,80,80,0.22529644268774704,57,0.2772258024408391,6.653419258580138,0.051739200000156416,0.051739200000156416,0.051739200000156416,path,path,path,23,0.0,0.0,False,,,False,1,path,64,4,RL+Path,0
best,C:\Users\erich\Documents\AFRL\Algebraic-Connectivity-Optimization-CDC2026\lite_trials\checkpoints\best.pt,ppo,7000,C:\Users\erich\Documents\AFRL\Algebraic-Connectivity-Optimization-CDC2026\lite_trials\lite_config.yaml,full,24,0.225296442688,1,80,80,0.22529644268774704,57,0.2772258024408391,6.653419258580138,0.04965479999918898,0.04965479999918898,0.04965479999918898,path,path,path,23,0.0,0.0,False,,,False,1,path,64,4,RL+Path,1
best,C:\Users\erich\Documents\AFRL\Algebraic-Connectivity-Optimization-CDC2026\lite_trials\checkpoints\best.pt,ppo,7000,C:\Users\erich\Documents\AFRL\Algebraic-Connectivity-Optimization-CDC2026\lite_trials\lite_config.yaml,full,24,0.225296442688,2,80,80,0.22529644268774704,57,0.2772258024408391,6.653419258580138,0.04902659999970638,0.04902659999970638,0.04902659999970638,path,path,path,23,0.0,0.0,False,,,False,1,path,64,4,RL+Path,2
best,C:\Users\erich\Documents\AFRL\Algebraic-Connectivity-Optimization-CDC2026\lite_trials\checkpoints\best.pt,ppo,7000,C:\Users\erich\Documents\AFRL\Algebraic-Connectivity-Optimization-CDC2026\lite_trials\lite_config.yaml,full,24,0.335968379447,0,108,108,0.3359683794466403,85,0.395367584682244,9.488822032373855,0.08260909999989963,0.08260909999989963,0.08260909999989963,path,path,path,23,0.0,0.0,False,,,False,1,path,64,4,RL+Path,0
best,C:\Users\erich\Documents\AFRL\Algebraic-Connectivity-Optimization-CDC2026\lite_trials\checkpoints\best.pt,ppo,7000,C:\Users\erich\Documents\AFRL\Algebraic-Connectivity-Optimization-CDC2026\lite_trials\lite_config.yaml,full,24,0.335968379447,1,108,108,0.3359683794466403,85,0.395367584682244,9.488822032373855,0.08971199999905366,0.08971199999905366,0.08971199999905366,path,path,path,23,0.0,0.0,False,,,False,1,path,64,4,RL+Path,1
best,C:\Users\erich\Documents\AFRL\Algebraic-Connectivity-Optimization-CDC2026\lite_trials\checkpoints\best.pt,ppo,7000,C:\Users\erich\Documents\AFRL\Algebraic-Connectivity-Optimization-CDC2026\lite_trials\lite_config.yaml,full,24,0.335968379447,2,108,108,0.3359683794466403,85,0.395367584682244,9.488822032373855,0.09137659999942116,0.09137659999942116,0.09137659999942116,path,path,path,23,0.0,0.0,False,,,False,1,path,64,4,RL+Path,2
best,C:\Users\erich\Documents\AFRL\Algebraic-Connectivity-Optimization-CDC2026\lite_trials\checkpoints\best.pt,ppo,7000,C:\Users\erich\Documents\AFRL\Algebraic-Connectivity-Optimization-CDC2026\lite_trials\lite_config.yaml,full,24,0.446640316206,0,136,136,0.44664031620553357,113,0.36584608616583214,8.780306067979971,0.13392199999907461,0.13392199999907461,0.13392199999907461,path,path,path,23,0.0,0.0,False,,,False,1,path,64,4,RL+Path,0
best,C:\Users\erich\Documents\AFRL\Algebraic-Connectivity-Optimization-CDC2026\lite_trials\checkpoints\best.pt,ppo,7000,C:\Users\erich\Documents\AFRL\Algebraic-Connectivity-Optimization-CDC2026\lite_trials\lite_config.yaml,full,24,0.446640316206,1,136,136,0.44664031620553357,113,0.36584608616583214,8.780306067979971,0.12397309999869321,0.12397309999869321,0.12397309999869321,path,path,path,23,0.0,0.0,False,,,False,1,path,64,4,RL+Path,1
best,C:\Users\erich\Documents\AFRL\Algebraic-Connectivity-Optimization-CDC2026\lite_trials\checkpoints\best.pt,ppo,7000,C:\Users\erich\Documents\AFRL\Algebraic-Connectivity-Optimization-CDC2026\lite_trials\lite_config.yaml,full,24,0.446640316206,2,136,136,0.44664031620553357,113,0.36584608616583214,8.780306067979971,0.12178029999995488,0.12178029999995488,0.12178029999995488,path,path,path,23,0.0,0.0,False,,,False,1,path,64,4,RL+Path,2
best,C:\Users\erich\Documents\AFRL\Algebraic-Connectivity-Optimization-CDC2026\lite_trials\checkpoints\best.pt,ppo,7000,C:\Users\erich\Documents\AFRL\Algebraic-Connectivity-Optimization-CDC2026\lite_trials\lite_config.yaml,full,24,0.553359683794,0,163,163,0.5533596837944664,140,0.5755889759267968,13.814135422243123,0.1556829999990441,0.1556829999990441,0.1556829999990441,path,path,path,23,0.0,0.0,False,,,False,1,path,64,4,RL+Path,0
best,C:\Users\erich\Documents\AFRL\Algebraic-Connectivity-Optimization-CDC2026\lite_trials\checkpoints\best.pt,ppo,7000,C:\Users\erich\Documents\AFRL\Algebraic-Connectivity-Optimization-CDC2026\lite_trials\lite_config.yaml,full,24,0.553359683794,1,163,163,0.5533596837944664,140,0.5755889759267968,13.814135422243123,0.15295640000113053,0.15295640000113053,0.15295640000113053,path,path,path,23,0.0,0.0,False,,,False,1,path,64,4,RL+Path,1
best,C:\Users\erich\Documents\AFRL\Algebraic-Connectivity-Optimization-CDC2026\lite_trials\checkpoints\best.pt,ppo,7000,C:\Users\erich\Documents\AFRL\Algebraic-Connectivity-Optimization-CDC2026\lite_trials\lite_config.yaml,full,24,0.553359683794,2,163,163,0.5533596837944664,140,0.5755889759267968,13.814135422243123,0.15668230000119365,0.15668230000119365,0.15668230000119365,path,path,path,23,0.0,0.0,False,,,False,1,path,64,4,RL+Path,2
best,C:\Users\erich\Documents\AFRL\Algebraic-Connectivity-Optimization-CDC2026\lite_trials\checkpoints\best.pt,ppo,7000,C:\Users\erich\Documents\AFRL\Algebraic-Connectivity-Optimization-CDC2026\lite_trials\lite_config.yaml,full,24,0.664031620553,0,191,191,0.6640316205533597,168,0.7487859956797572,17.970863896314174,0.19183680000060122,0.19183680000060122,0.19183680000060122,path,path,path,23,0.0,0.0,False,,,False,1,path,64,4,RL+Path,0
best,C:\Users\erich\Documents\AFRL\Algebraic-Connectivity-Optimization-CDC2026\lite_trials\checkpoints\best.pt,ppo,7000,C:\Users\erich\Documents\AFRL\Algebraic-Connectivity-Optimization-CDC2026\lite_trials\lite_config.yaml,full,24,0.664031620553,1,191,191,0.6640316205533597,168,0.7487859956797572,17.970863896314174,0.18750569999974687,0.18750569999974687,0.18750569999974687,path,path,path,23,0.0,0.0,False,,,False,1,path,64,4,RL+Path,1
best,C:\Users\erich\Documents\AFRL\Algebraic-Connectivity-Optimization-CDC2026\lite_trials\checkpoints\best.pt,ppo,7000,C:\Users\erich\Documents\AFRL\Algebraic-Connectivity-Optimization-CDC2026\lite_trials\lite_config.yaml,full,24,0.664031620553,2,191,191,0.6640316205533597,168,0.7487859956797572,17.970863896314174,0.19039899999916088,0.19039899999916088,0.19039899999916088,path,path,path,23,0.0,0.0,False,,,False,1,path,64,4,RL+Path,2
best,C:\Users\erich\Documents\AFRL\Algebraic-Connectivity-Optimization-CDC2026\lite_trials\checkpoints\best.pt,ppo,7000,C:\Users\erich\Documents\AFRL\Algebraic-Connectivity-Optimization-CDC2026\lite_trials\lite_config.yaml,full,24,0.774703557312,0,219,219,0.7747035573122529,196,0.7333762477812833,17.6010299467508,0.23024160000022675,0.23024160000022675,0.23024160000022675,path,path,path,23,0.0,0.0,False,,,False,1,path,64,4,RL+Path,0
best,C:\Users\erich\Documents\AFRL\Algebraic-Connectivity-Optimization-CDC2026\lite_trials\checkpoints\best.pt,ppo,7000,C:\Users\erich\Documents\AFRL\Algebraic-Connectivity-Optimization-CDC2026\lite_trials\lite_config.yaml,full,24,0.774703557312,1,219,219,0.7747035573122529,196,0.7333762477812833,17.6010299467508,0.23147990000143182,0.23147990000143182,0.23147990000143182,path,path,path,23,0.0,0.0,False,,,False,1,path,64,4,RL+Path,1
best,C:\Users\erich\Documents\AFRL\Algebraic-Connectivity-Optimization-CDC2026\lite_trials\checkpoints\best.pt,ppo,7000,C:\Users\erich\Documents\AFRL\Algebraic-Connectivity-Optimization-CDC2026\lite_trials\lite_config.yaml,full,24,0.774703557312,2,219,219,0.7747035573122529,196,0.7333762477812833,17.6010299467508,0.23634169999968435,0.23634169999968435,0.23634169999968435,path,path,path,23,0.0,0.0,False,,,False,1,path,64,4,RL+Path,2
best,C:\Users\erich\Documents\AFRL\Algebraic-Connectivity-Optimization-CDC2026\lite_trials\checkpoints\best.pt,ppo,7000,C:\Users\erich\Documents\AFRL\Algebraic-Connectivity-Optimization-CDC2026\lite_trials\lite_config.yaml,full,24,0.885375494071,0,247,247,0.8853754940711462,224,0.6974004688171106,16.737611251610655,0.2697363999996014,0.2697363999996014,0.2697363999996014,path,path,path,23,0.0,0.0,False,,,False,1,path,64,4,RL+Path,0
best,C:\Users\erich\Documents\AFRL\Algebraic-Connectivity-Optimization-CDC2026\lite_trials\checkpoints\best.pt,ppo,7000,C:\Users\erich\Documents\AFRL\Algebraic-Connectivity-Optimization-CDC2026\lite_trials\lite_config.yaml,full,24,0.885375494071,1,247,247,0.8853754940711462,224,0.6974004688171106,16.737611251610655,0.26475370000116527,0.26475370000116527,0.26475370000116527,path,path,path,23,0.0,0.0,False,,,False,1,path,64,4,RL+Path,1
best,C:\Users\erich\Documents\AFRL\Algebraic-Connectivity-Optimization-CDC2026\lite_trials\checkpoints\best.pt,ppo,7000,C:\Users\erich\Documents\AFRL\Algebraic-Connectivity-Optimization-CDC2026\lite_trials\lite_config.yaml,full,24,0.885375494071,2,247,247,0.8853754940711462,224,0.6974004688171106,16.737611251610655,0.26618629999939003,0.26618629999939003,0.26618629999939003,path,path,path,23,0.0,0.0,False,,,False,1,path,64,4,RL+Path,2
best,C:\Users\erich\Documents\AFRL\Algebraic-Connectivity-Optimization-CDC2026\lite_trials\checkpoints\best.pt,ppo,7000,C:\Users\erich\Documents\AFRL\Algebraic-Connectivity-Optimization-CDC2026\lite_trials\lite_config.yaml,full,24,0.99604743083,0,275,275,0.9960474308300395,252,0.9999999999999997,23.999999999999993,0.3120459000001574,0.3120459000001574,0.3120459000001574,path,path,path,23,0.0,0.0,False,,,False,1,path,64,4,RL+Path,0
best,C:\Users\erich\Documents\AFRL\Algebraic-Connectivity-Optimization-CDC2026\lite_trials\checkpoints\best.pt,ppo,7000,C:\Users\erich\Documents\AFRL\Algebraic-Connectivity-Optimization-CDC2026\lite_trials\lite_config.yaml,full,24,0.99604743083,1,275,275,0.9960474308300395,252,0.9999999999999997,23.999999999999993,0.296567800000048,0.296567800000048,0.296567800000048,path,path,path,23,0.0,0.0,False,,,False,1,path,64,4,RL+Path,1
best,C:\Users\erich\Documents\AFRL\Algebraic-Connectivity-Optimization-CDC2026\lite_trials\checkpoints\best.pt,ppo,7000,C:\Users\erich\Documents\AFRL\Algebraic-Connectivity-Optimization-CDC2026\lite_trials\lite_config.yaml,full,24,0.99604743083,2,275,275,0.9960474308300395,252,0.9999999999999997,23.999999999999993,0.30704599999990023,0.30704599999990023,0.30704599999990023,path,path,path,23,0.0,0.0,False,,,False,1,path,64,4,RL+Path,2
best,C:\Users\erich\Documents\AFRL\Algebraic-Connectivity-Optimization-CDC2026\lite_trials\checkpoints\best.pt,ppo,7000,C:\Users\erich\Documents\AFRL\Algebraic-Connectivity-Optimization-CDC2026\lite_trials\lite_config.yaml,full,24,0.00395256917,0,24,24,0.003952569169960474,1,0.04166666666666659,0.9999999999999981,0.003961900001741014,0.003961900001741014,0.0044891000015923055,backbone,envelope_only,envelope,23,1.0,0.0005271999998512911,False,,,False,1,envelope,64,4,RL+Backbone,0
best,C:\Users\erich\Documents\AFRL\Algebraic-Connectivity-Optimization-CDC2026\lite_trials\checkpoints\best.pt,ppo,7000,C:\Users\erich\Documents\AFRL\Algebraic-Connectivity-Optimization-CDC2026\lite_trials\lite_config.yaml,full,24,0.00395256917,1,24,24,0.003952569169960474,1,0.04166666666666659,0.9999999999999981,0.001299499999731779,0.001299499999731779,0.0014417000002140412,backbone,envelope_only,envelope,23,1.0,0.0001422000004822621,False,,,False,1,envelope,64,4,RL+Backbone,1
best,C:\Users\erich\Documents\AFRL\Algebraic-Connectivity-Optimization-CDC2026\lite_trials\checkpoints\best.pt,ppo,7000,C:\Users\erich\Documents\AFRL\Algebraic-Connectivity-Optimization-CDC2026\lite_trials\lite_config.yaml,full,24,0.00395256917,2,24,24,0.003952569169960474,1,0.04166666666666659,0.9999999999999981,0.0013091000000713393,0.0013091000000713393,0.0014589000002160901,backbone,envelope_only,envelope,23,1.0,0.0001498000001447508,False,,,False,1,envelope,64,4,RL+Backbone,2
best,C:\Users\erich\Documents\AFRL\Algebraic-Connectivity-Optimization-CDC2026\lite_trials\checkpoints\best.pt,ppo,7000,C:\Users\erich\Documents\AFRL\Algebraic-Connectivity-Optimization-CDC2026\lite_trials\lite_config.yaml,full,24,0.114624505929,0,52,52,0.11462450592885376,4,0.13445633228085271,3.226951974740465,0.0049842000007629395,0.0049842000007629395,0.013681100001122104,backbone,cayley_only,cayley,48,1.9999999999999991,0.008696900000359165,False,2,,False,1,cayley,64,4,RL+Backbone,0
best,C:\Users\erich\Documents\AFRL\Algebraic-Connectivity-Optimization-CDC2026\lite_trials\checkpoints\best.pt,ppo,7000,C:\Users\erich\Documents\AFRL\Algebraic-Connectivity-Optimization-CDC2026\lite_trials\lite_config.yaml,full,24,0.114624505929,1,52,52,0.11462450592885376,4,0.14787287411858227,3.5489489788459743,0.0038348999987647403,0.0038348999987647403,0.012186599999040482,backbone,cayley_only,cayley,48,1.9999999999999991,0.008351700000275741,False,2,,False,1,cayley,64,4,RL+Backbone,1
best,C:\Users\erich\Documents\AFRL\Algebraic-Connectivity-Optimization-CDC2026\lite_trials\checkpoints\best.pt,ppo,7000,C:\Users\erich\Documents\AFRL\Algebraic-Connectivity-Optimization-CDC2026\lite_trials\lite_config.yaml,full,24,0.114624505929,2,52,52,0.11462450592885376,4,0.1389629019359243,3.3351096464621834,0.004439299998921342,0.004439299998921342,0.010616999999911059,backbone,cayley_only,cayley,48,1.9999999999999998,0.0061777000009897165,False,2,,False,1,cayley,64,4,RL+Backbone,2
best,C:\Users\erich\Documents\AFRL\Algebraic-Connectivity-Optimization-CDC2026\lite_trials\checkpoints\best.pt,ppo,7000,C:\Users\erich\Documents\AFRL\Algebraic-Connectivity-Optimization-CDC2026\lite_trials\lite_config.yaml,full,24,0.225296442688,0,80,80,0.22529644268774704,8,0.25193898899263084,6.04653573582314,0.007634999999936554,0.007634999999936554,0.016852599999765516,backbone,cayley_only,cayley,72,3.7639320225002106,0.009217599999828963,False,2,,False,1,cayley,64,4,RL+Backbone,0
best,C:\Users\erich\Documents\AFRL\Algebraic-Connectivity-Optimization-CDC2026\lite_trials\checkpoints\best.pt,ppo,7000,C:\Users\erich\Documents\AFRL\Algebraic-Connectivity-Optimization-CDC2026\lite_trials\lite_config.yaml,full,24,0.225296442688,1,80,80,0.22529644268774704,8,0.25193898899263084,6.04653573582314,0.00907290000031935,0.00907290000031935,0.01664859999982582,backbone,cayley_only,cayley,72,3.7639320225002106,0.007575699999506469,False,2,,False,1,cayley,64,4,RL+Backbone,1
best,C:\Users\erich\Documents\AFRL\Algebraic-Connectivity-Optimization-CDC2026\lite_trials\checkpoints\best.pt,ppo,7000,C:\Users\erich\Documents\AFRL\Algebraic-Connectivity-Optimization-CDC2026\lite_trials\lite_config.yaml,full,24,0.225296442688,2,80,80,0.22529644268774704,8,0.22356526095058885,5.3655662628141325,0.009677199999714503,0.009677199999714503,0.018575099998997757,backbone,cayley_only,cayley,72,3.7639320225002106,0.008897899999283254,False,2,,False,1,cayley,64,4,RL+Backbone,2
best,C:\Users\erich\Documents\AFRL\Algebraic-Connectivity-Optimization-CDC2026\lite_trials\checkpoints\best.pt,ppo,7000,C:\Users\erich\Documents\AFRL\Algebraic-Connectivity-Optimization-CDC2026\lite_trials\lite_config.yaml,full,24,0.335968379447,0,108,108,0.3359683794466403,0,0.2818305009375088,6.76393202250021,9.999894245993346e-08,9.999894245993346e-08,0.006810299999415292,backbone,cayley_only,cayley,108,6.763932022500214,0.0068102000004728325,False,2,,False,1,cayley,64,4,RL+Backbone,0
best,C:\Users\erich\Documents\AFRL\Algebraic-Connectivity-Optimization-CDC2026\lite_trials\checkpoints\best.pt,ppo,7000,C:\Users\erich\Documents\AFRL\Algebraic-Connectivity-Optimization-CDC2026\lite_trials\lite_config.yaml,full,24,0.335968379447,1,108,108,0.3359683794466403,0,0.2818305009375088,6.76393202250021,1.00000761449337e-07,1.00000761449337e-07,0.0064008000008470844,backbone,cayley_only,cayley,108,6.763932022500214,0.006400700000085635,False,2,,False,1,cayley,64,4,RL+Backbone,1
best,C:\Users\erich\Documents\AFRL\Algebraic-Connectivity-Optimization-CDC2026\lite_trials\checkpoints\best.pt,ppo,7000,C:\Users\erich\Documents\AFRL\Algebraic-Connectivity-Optimization-CDC2026\lite_trials\lite_config.yaml,full,24,0.335968379447,2,108,108,0.3359683794466403,0,0.2818305009375088,6.76393202250021,9.999894245993346e-08,9.999894245993346e-08,0.005012199999328004,backbone,cayley_only,cayley,108,6.763932022500214,0.005012100000385544,False,2,,False,1,cayley,64,4,RL+Backbone,2
best,C:\Users\erich\Documents\AFRL\Algebraic-Connectivity-Optimization-CDC2026\lite_trials\checkpoints\best.pt,ppo,7000,C:\Users\erich\Documents\AFRL\Algebraic-Connectivity-Optimization-CDC2026\lite_trials\lite_config.yaml,full,24,0.446640316206,0,136,136,0.44664031620553357,4,0.43761928543974493,10.502862850553878,0.005648199999995995,0.005648199999995995,0.009027500000229338,backbone,cayley_only,cayley,132,9.999999999999995,0.003379300000233343,False,2,,False,1,cayley,64,4,RL+Backbone,0
best,C:\Users\erich\Documents\AFRL\Algebraic-Connectivity-Optimization-CDC2026\lite_trials\checkpoints\best.pt,ppo,7000,C:\Users\erich\Documents\AFRL\Algebraic-Connectivity-Optimization-CDC2026\lite_trials\lite_config.yaml,full,24,0.446640316206,1,136,136,0.44664031620553357,4,0.43761928543974493,10.502862850553878,0.004783700000189128,0.004783700000189128,0.008270100001027458,backbone,cayley_only,cayley,132,9.999999999999995,0.00348640000083833,False,2,,False,1,cayley,64,4,RL+Backbone,1
best,C:\Users\erich\Documents\AFRL\Algebraic-Connectivity-Optimization-CDC2026\lite_trials\checkpoints\best.pt,ppo,7000,C:\Users\erich\Documents\AFRL\Algebraic-Connectivity-Optimization-CDC2026\lite_trials\lite_config.yaml,full,24,0.446640316206,2,136,136,0.44664031620553357,4,0.43761928543974493,10.502862850553878,0.004907700000330806,0.004907700000330806,0.0079384000000573,backbone,cayley_only,cayley,132,9.999999999999995,0.003030699999726494,False,2,,False,1,cayley,64,4,RL+Backbone,2
best,C:\Users\erich\Documents\AFRL\Algebraic-Connectivity-Optimization-CDC2026\lite_trials\checkpoints\best.pt,ppo,7000,C:\Users\erich\Documents\AFRL\Algebraic-Connectivity-Optimization-CDC2026\lite_trials\lite_config.yaml,full,24,0.553359683794,0,163,163,0.5533596837944664,7,0.6169704664880818,14.807291195713965,0.02935990000150923,0.02935990000150923,0.029649400001289905,backbone,both,cayley,156,11.999999999999996,0.00912640000024112,False,2,,True,2,"cayley,envelope",64,4,RL+Backbone,0
best,C:\Users\erich\Documents\AFRL\Algebraic-Connectivity-Optimization-CDC2026\lite_trials\checkpoints\best.pt,ppo,7000,C:\Users\erich\Documents\AFRL\Algebraic-Connectivity-Optimization-CDC2026\lite_trials\lite_config.yaml,full,24,0.553359683794,1,163,163,0.5533596837944664,7,0.6169704664880818,14.807291195713965,0.02083680000032473,0.02083680000032473,0.02099639999869396,backbone,both,cayley,156,11.999999999999996,0.005680099999153754,False,2,,True,2,"cayley,envelope",64,4,RL+Backbone,1
best,C:\Users\erich\Documents\AFRL\Algebraic-Connectivity-Optimization-CDC2026\lite_trials\checkpoints\best.pt,ppo,7000,C:\Users\erich\Documents\AFRL\Algebraic-Connectivity-Optimization-CDC2026\lite_trials\lite_config.yaml,full,24,0.553359683794,2,163,163,0.5533596837944664,7,0.6169704664880818,14.807291195713965,0.02294419999998354,0.02294419999998354,0.023152800000389107,backbone,both,cayley,156,11.999999999999996,0.005359900000257767,False,2,,True,2,"cayley,envelope",64,4,RL+Backbone,2
best,C:\Users\erich\Documents\AFRL\Algebraic-Connectivity-Optimization-CDC2026\lite_trials\checkpoints\best.pt,ppo,7000,C:\Users\erich\Documents\AFRL\Algebraic-Connectivity-Optimization-CDC2026\lite_trials\lite_config.yaml,full,24,0.664031620553,0,191,191,0.6640316205533597,2,0.6489962332895577,15.575909598949384,0.029574599999250495,0.029574599999250495,0.03339629999936733,backbone,both,envelope,189,15.0,0.0038217000001168344,False,,,True,2,"cayley,envelope",64,4,RL+Backbone,0
best,C:\Users\erich\Documents\AFRL\Algebraic-Connectivity-Optimization-CDC2026\lite_trials\checkpoints\best.pt,ppo,7000,C:\Users\erich\Documents\AFRL\Algebraic-Connectivity-Optimization-CDC2026\lite_trials\lite_config.yaml,full,24,0.664031620553,1,191,191,0.6640316205533597,2,0.6489962332895577,15.575909598949384,0.028590400001121452,0.028590400001121452,0.03189660000134609,backbone,both,envelope,189,15.0,0.003306200000224635,False,,,True,2,"cayley,envelope",64,4,RL+Backbone,1
best,C:\Users\erich\Documents\AFRL\Algebraic-Connectivity-Optimization-CDC2026\lite_trials\checkpoints\best.pt,ppo,7000,C:\Users\erich\Documents\AFRL\Algebraic-Connectivity-Optimization-CDC2026\lite_trials\lite_config.yaml,full,24,0.664031620553,2,191,191,0.6640316205533597,2,0.6489962332895577,15.575909598949384,0.03165730000000622,0.03165730000000622,0.03548140000020794,backbone,both,envelope,189,15.0,0.0038241000002017245,False,,,True,2,"cayley,envelope",64,4,RL+Backbone,2
best,C:\Users\erich\Documents\AFRL\Algebraic-Connectivity-Optimization-CDC2026\lite_trials\checkpoints\best.pt,ppo,7000,C:\Users\erich\Documents\AFRL\Algebraic-Connectivity-Optimization-CDC2026\lite_trials\lite_config.yaml,full,24,0.774703557312,0,219,219,0.7747035573122529,3,0.8116459827812426,19.47950358674982,0.005973400000584661,0.005973400000584661,0.006337300001177937,backbone,envelope_only,envelope,216,18.0,0.00036390000059327576,False,,,False,1,envelope,64,4,RL+Backbone,0
best,C:\Users\erich\Documents\AFRL\Algebraic-Connectivity-Optimization-CDC2026\lite_trials\checkpoints\best.pt,ppo,7000,C:\Users\erich\Documents\AFRL\Algebraic-Connectivity-Optimization-CDC2026\lite_trials\lite_config.yaml,full,24,0.774703557312,1,219,219,0.7747035573122529,3,0.8116459827812426,19.47950358674982,0.005377600000429084,0.005377600000429084,0.005723800000851043,backbone,envelope_only,envelope,216,18.0,0.000346200000421959,False,,,False,1,envelope,64,4,RL+Backbone,1
best,C:\Users\erich\Documents\AFRL\Algebraic-Connectivity-Optimization-CDC2026\lite_trials\checkpoints\best.pt,ppo,7000,C:\Users\erich\Documents\AFRL\Algebraic-Connectivity-Optimization-CDC2026\lite_trials\lite_config.yaml,full,24,0.774703557312,2,219,219,0.7747035573122529,3,0.8116459827812426,19.47950358674982,0.004483099999561091,0.004483099999561091,0.004851899999266607,backbone,envelope_only,envelope,216,18.0,0.0003687999997055158,False,,,False,1,envelope,64,4,RL+Backbone,2
best,C:\Users\erich\Documents\AFRL\Algebraic-Connectivity-Optimization-CDC2026\lite_trials\checkpoints\best.pt,ppo,7000,C:\Users\erich\Documents\AFRL\Algebraic-Connectivity-Optimization-CDC2026\lite_trials\lite_config.yaml,full,24,0.885375494071,0,247,247,0.8853754940711462,7,0.8589533627811141,20.61488070674674,0.009412800000063726,0.009412800000063726,0.009737599999425584,backbone,envelope_only,envelope,240,20.0,0.00032479999936185777,False,,,False,1,envelope,64,4,RL+Backbone,0
best,C:\Users\erich\Documents\AFRL\Algebraic-Connectivity-Optimization-CDC2026\lite_trials\checkpoints\best.pt,ppo,7000,C:\Users\erich\Documents\AFRL\Algebraic-Connectivity-Optimization-CDC2026\lite_trials\lite_config.yaml,full,24,0.885375494071,1,247,247,0.8853754940711462,7,0.8589533627811141,20.61488070674674,0.009839399999691523,0.009839399999691523,0.01025859999936074,backbone,envelope_only,envelope,240,20.0,0.0004191999996692175,False,,,False,1,envelope,64,4,RL+Backbone,1
best,C:\Users\erich\Documents\AFRL\Algebraic-Connectivity-Optimization-CDC2026\lite_trials\checkpoints\best.pt,ppo,7000,C:\Users\erich\Documents\AFRL\Algebraic-Connectivity-Optimization-CDC2026\lite_trials\lite_config.yaml,full,24,0.885375494071,2,247,247,0.8853754940711462,7,0.8589533627811141,20.61488070674674,0.009708599998702994,0.009708599998702994,0.010057499997856212,backbone,envelope_only,envelope,240,20.0,0.00034889999915321823,False,,,False,1,envelope,64,4,RL+Backbone,2
best,C:\Users\erich\Documents\AFRL\Algebraic-Connectivity-Optimization-CDC2026\lite_trials\checkpoints\best.pt,ppo,7000,C:\Users\erich\Documents\AFRL\Algebraic-Connectivity-Optimization-CDC2026\lite_trials\lite_config.yaml,full,24,0.99604743083,0,275,275,0.9960474308300395,11,0.9554907122947554,22.93177709507413,0.017651799998930073,0.017651799998930073,0.018125999997209874,backbone,envelope_only,envelope,264,22.0,0.00047419999827980064,False,,,False,1,envelope,64,4,RL+Backbone,0
best,C:\Users\erich\Documents\AFRL\Algebraic-Connectivity-Optimization-CDC2026\lite_trials\checkpoints\best.pt,ppo,7000,C:\Users\erich\Documents\AFRL\Algebraic-Connectivity-Optimization-CDC2026\lite_trials\lite_config.yaml,full,24,0.99604743083,1,275,275,0.9960474308300395,11,0.9554907122947554,22.93177709507413,0.015870500001256005,0.015870500001256005,0.016266700002233847,backbone,envelope_only,envelope,264,22.0,0.00039620000097784214,False,,,False,1,envelope,64,4,RL+Backbone,1
best,C:\Users\erich\Documents\AFRL\Algebraic-Connectivity-Optimization-CDC2026\lite_trials\checkpoints\best.pt,ppo,7000,C:\Users\erich\Documents\AFRL\Algebraic-Connectivity-Optimization-CDC2026\lite_trials\lite_config.yaml,full,24,0.99604743083,2,275,275,0.9960474308300395,11,0.9554907122947554,22.93177709507413,0.015703700000813114,0.015703700000813114,0.01610629999959201,backbone,envelope_only,envelope,264,22.0,0.0004025999987788964,False,,,False,1,envelope,64,4,RL+Backbone,2
best,C:\Users\erich\Documents\AFRL\Algebraic-Connectivity-Optimization-CDC2026\lite_trials\checkpoints\best.pt,ppo,7000,C:\Users\erich\Documents\AFRL\Algebraic-Connectivity-Optimization-CDC2026\lite_trials\lite_config.yaml,full,32,0.002150537634,0,32,32,0.002150537634408602,1,0.00809464492155096,0.25902863748963073,0.0037753000015072757,0.0037753000015072757,0.0037753000015072757,path,path,path,31,0.0,0.0,False,,,False,1,path,64,4,RL+Path,0
best,C:\Users\erich\Documents\AFRL\Algebraic-Connectivity-Optimization-CDC2026\lite_trials\checkpoints\best.pt,ppo,7000,C:\Users\erich\Documents\AFRL\Algebraic-Connectivity-Optimization-CDC2026\lite_trials\lite_config.yaml,full,32,0.002150537634,1,32,32,0.002150537634408602,1,0.00809464492155096,0.25902863748963073,0.001699299999017967,0.001699299999017967,0.001699299999017967,path,path,path,31,0.0,0.0,False,,,False,1,path,64,4,RL+Path,1
best,C:\Users\erich\Documents\AFRL\Algebraic-Connectivity-Optimization-CDC2026\lite_trials\checkpoints\best.pt,ppo,7000,C:\Users\erich\Documents\AFRL\Algebraic-Connectivity-Optimization-CDC2026\lite_trials\lite_config.yaml,full,32,0.002150537634,2,32,32,0.002150537634408602,1,0.00809464492155096,0.25902863748963073,0.001114900000175112,0.001114900000175112,0.001114900000175112,path,path,path,31,0.0,0.0,False,,,False,1,path,64,4,RL+Path,2
best,C:\Users\erich\Documents\AFRL\Algebraic-Connectivity-Optimization-CDC2026\lite_trials\checkpoints\best.pt,ppo,7000,C:\Users\erich\Documents\AFRL\Algebraic-Connectivity-Optimization-CDC2026\lite_trials\lite_config.yaml,full,32,0.111827956989,0,83,83,0.11182795698924732,52,0.1269923691787168,4.063755813718938,0.0484188999998878,0.0484188999998878,0.0484188999998878,path,path,path,31,0.0,0.0,False,,,False,1,path,64,4,RL+Path,0
best,C:\Users\erich\Documents\AFRL\Algebraic-Connectivity-Optimization-CDC2026\lite_trials\checkpoints\best.pt,ppo,7000,C:\Users\erich\Documents\AFRL\Algebraic-Connectivity-Optimization-CDC2026\lite_trials\lite_config.yaml,full,32,0.111827956989,1,83,83,0.11182795698924732,52,0.1269923691787168,4.063755813718938,0.04709309999998368,0.04709309999998368,0.04709309999998368,path,path,path,31,0.0,0.0,False,,,False,1,path,64,4,RL+Path,1
best,C:\Users\erich\Documents\AFRL\Algebraic-Connectivity-Optimization-CDC2026\lite_trials\checkpoints\best.pt,ppo,7000,C:\Users\erich\Documents\AFRL\Algebraic-Connectivity-Optimization-CDC2026\lite_trials\lite_config.yaml,full,32,0.111827956989,2,83,83,0.11182795698924732,52,0.1269923691787168,4.063755813718938,0.04940560000068217,0.04940560000068217,0.04940560000068217,path,path,path,31,0.0,0.0,False,,,False,1,path,64,4,RL+Path,2
best,C:\Users\erich\Documents\AFRL\Algebraic-Connectivity-Optimization-CDC2026\lite_trials\checkpoints\best.pt,ppo,7000,C:\Users\erich\Documents\AFRL\Algebraic-Connectivity-Optimization-CDC2026\lite_trials\lite_config.yaml,full,32,0.223655913978,0,135,135,0.22365591397849463,104,0.07946126345506263,2.542760430562004,0.10036740000032296,0.10036740000032296,0.10036740000032296,path,path,path,31,0.0,0.0,False,,,False,1,path,64,4,RL+Path,0
best,C:\Users\erich\Documents\AFRL\Algebraic-Connectivity-Optimization-CDC2026\lite_trials\checkpoints\best.pt,ppo,7000,C:\Users\erich\Documents\AFRL\Algebraic-Connectivity-Optimization-CDC2026\lite_trials\lite_config.yaml,full,32,0.223655913978,1,135,135,0.22365591397849463,104,0.07946126345506263,2.542760430562004,0.10008099999868136,0.10008099999868136,0.10008099999868136,path,path,path,31,0.0,0.0,False,,,False,1,path,64,4,RL+Path,1
best,C:\Users\erich\Documents\AFRL\Algebraic-Connectivity-Optimization-CDC2026\lite_trials\checkpoints\best.pt,ppo,7000,C:\Users\erich\Documents\AFRL\Algebraic-Connectivity-Optimization-CDC2026\lite_trials\lite_config.yaml,full,32,0.223655913978,2,135,135,0.22365591397849463,104,0.07946126345506263,2.542760430562004,0.10210290000031819,0.10210290000031819,0.10210290000031819,path,path,path,31,0.0,0.0,False,,,False,1,path,64,4,RL+Path,2
best,C:\Users\erich\Documents\AFRL\Algebraic-Connectivity-Optimization-CDC2026\lite_trials\checkpoints\best.pt,ppo,7000,C:\Users\erich\Documents\AFRL\Algebraic-Connectivity-Optimization-CDC2026\lite_trials\lite_config.yaml,full,32,0.333333333333,0,186,186,0.3333333333333333,155,0.7456828594730927,23.861851503138965,0.18673850000050152,0.18673850000050152,0.18673850000050152,path,path,path,31,0.0,0.0,False,,,False,1,path,64,4,RL+Path,0
best,C:\Users\erich\Documents\AFRL\Algebraic-Connectivity-Optimization-CDC2026\lite_trials\checkpoints\best.pt,ppo,7000,C:\Users\erich\Documents\AFRL\Algebraic-Connectivity-Optimization-CDC2026\lite_trials\lite_config.yaml,full,32,0.333333333333,1,186,186,0.3333333333333333,155,0.7456828594730927,23.861851503138965,0.18813700000100653,0.18813700000100653,0.18813700000100653,path,path,path,31,0.0,0.0,False,,,False,1,path,64,4,RL+Path,1
best,C:\Users\erich\Documents\AFRL\Algebraic-Connectivity-Optimization-CDC2026\lite_trials\checkpoints\best.pt,ppo,7000,C:\Users\erich\Documents\AFRL\Algebraic-Connectivity-Optimization-CDC2026\lite_trials\lite_config.yaml,full,32,0.333333333333,2,186,186,0.3333333333333333,155,0.7456828594730927,23.861851503138965,0.20190870000078576,0.20190870000078576,0.20190870000078576,path,path,path,31,0.0,0.0,False,,,False,1,path,64,4,RL+Path,2
best,C:\Users\erich\Documents\AFRL\Algebraic-Connectivity-Optimization-CDC2026\lite_trials\checkpoints\best.pt,ppo,7000,C:\Users\erich\Documents\AFRL\Algebraic-Connectivity-Optimization-CDC2026\lite_trials\lite_config.yaml,full,32,0.445161290323,0,238,238,0.44516129032258067,207,0.457496018432712,14.639872589846783,0.27262680000058026,0.27262680000058026,0.27262680000058026,path,path,path,31,0.0,0.0,False,,,False,1,path,64,4,RL+Path,0
best,C:\Users\erich\Documents\AFRL\Algebraic-Connectivity-Optimization-CDC2026\lite_trials\checkpoints\best.pt,ppo,7000,C:\Users\erich\Documents\AFRL\Algebraic-Connectivity-Optimization-CDC2026\lite_trials\lite_config.yaml,full,32,0.445161290323,1,238,238,0.44516129032258067,207,0.457496018432712,14.639872589846783,0.274263900000733,0.274263900000733,0.274263900000733,path,path,path,31,0.0,0.0,False,,,False,1,path,64,4,RL+Path,1
best,C:\Users\erich\Documents\AFRL\Algebraic-Connectivity-Optimization-CDC2026\lite_trials\checkpoints\best.pt,ppo,7000,C:\Users\erich\Documents\AFRL\Algebraic-Connectivity-Optimization-CDC2026\lite_trials\lite_config.yaml,full,32,0.445161290323,2,238,238,0.44516129032258067,207,0.457496018432712,14.639872589846783,0.27546999999867694,0.27546999999867694,0.27546999999867694,path,path,path,31,0.0,0.0,False,,,False,1,path,64,4,RL+Path,2
best,C:\Users\erich\Documents\AFRL\Algebraic-Connectivity-Optimization-CDC2026\lite_trials\checkpoints\best.pt,ppo,7000,C:\Users\erich\Documents\AFRL\Algebraic-Connectivity-Optimization-CDC2026\lite_trials\lite_config.yaml,full,32,0.554838709677,0,289,289,0.5548387096774193,258,0.3990579015392827,12.769852849257047,0.3610258000007889,0.3610258000007889,0.3610258000007889,path,path,path,31,0.0,0.0,False,,,False,1,path,64,4,RL+Path,0
best,C:\Users\erich\Documents\AFRL\Algebraic-Connectivity-Optimization-CDC2026\lite_trials\checkpoints\best.pt,ppo,7000,C:\Users\erich\Documents\AFRL\Algebraic-Connectivity-Optimization-CDC2026\lite_trials\lite_config.yaml,full,32,0.554838709677,1,289,289,0.5548387096774193,258,0.3990579015392827,12.769852849257047,0.3354425000015908,0.3354425000015908,0.3354425000015908,path,path,path,31,0.0,0.0,False,,,False,1,path,64,4,RL+Path,1
best,C:\Users\erich\Documents\AFRL\Algebraic-Connectivity-Optimization-CDC2026\lite_trials\checkpoints\best.pt,ppo,7000,C:\Users\erich\Documents\AFRL\Algebraic-Connectivity-Optimization-CDC2026\lite_trials\lite_config.yaml,full,32,0.554838709677,2,289,289,0.5548387096774193,258,0.3990579015392827,12.769852849257047,0.36048069999924337,0.36048069999924337,0.36048069999924337,path,path,path,31,0.0,0.0,False,,,False,1,path,64,4,RL+Path,2
best,C:\Users\erich\Documents\AFRL\Algebraic-Connectivity-Optimization-CDC2026\lite_trials\checkpoints\best.pt,ppo,7000,C:\Users\erich\Documents\AFRL\Algebraic-Connectivity-Optimization-CDC2026\lite_trials\lite_config.yaml,full,32,0.666666666667,0,341,341,0.6666666666666666,310,0.7767315813240946,24.855410602371027,0.43150470000000496,0.43150470000000496,0.43150470000000496,path,path,path,31,0.0,0.0,False,,,False,1,path,64,4,RL+Path,0
best,C:\Users\erich\Documents\AFRL\Algebraic-Connectivity-Optimization-CDC2026\lite_trials\checkpoints\best.pt,ppo,7000,C:\Users\erich\Documents\AFRL\Algebraic-Connectivity-Optimization-CDC2026\lite_trials\lite_config.yaml,full,32,0.666666666667,1,341,341,0.6666666666666666,310,0.7767315813240946,24.855410602371027,0.3932905000001483,0.3932905000001483,0.3932905000001483,path,path,path,31,0.0,0.0,False,,,False,1,path,64,4,RL+Path,1
best,C:\Users\erich\Documents\AFRL\Algebraic-Connectivity-Optimization-CDC2026\lite_trials\checkpoints\best.pt,ppo,7000,C:\Users\erich\Documents\AFRL\Algebraic-Connectivity-Optimization-CDC2026\lite_trials\lite_config.yaml,full,32,0.666666666667,2,341,341,0.6666666666666666,310,0.7767315813240946,24.855410602371027,0.43785469999966153,0.43785469999966153,0.43785469999966153,path,path,path,31,0.0,0.0,False,,,False,1,path,64,4,RL+Path,2
best,C:\Users\erich\Documents\AFRL\Algebraic-Connectivity-Optimization-CDC2026\lite_trials\checkpoints\best.pt,ppo,7000,C:\Users\erich\Documents\AFRL\Algebraic-Connectivity-Optimization-CDC2026\lite_trials\lite_config.yaml,full,32,0.776344086022,0,392,392,0.7763440860215054,361,0.7414080656526711,23.725058100885477,0.49222419999932754,0.49222419999932754,0.49222419999932754,path,path,path,31,0.0,0.0,False,,,False,1,path,64,4,RL+Path,0
best,C:\Users\erich\Documents\AFRL\Algebraic-Connectivity-Optimization-CDC2026\lite_trials\checkpoints\best.pt,ppo,7000,C:\Users\erich\Documents\AFRL\Algebraic-Connectivity-Optimization-CDC2026\lite_trials\lite_config.yaml,full,32,0.776344086022,1,392,392,0.7763440860215054,361,0.7414080656526711,23.725058100885477,0.48701859999891894,0.48701859999891894,0.48701859999891894,path,path,path,31,0.0,0.0,False,,,False,1,path,64,4,RL+Path,1
best,C:\Users\erich\Documents\AFRL\Algebraic-Connectivity-Optimization-CDC2026\lite_trials\checkpoints\best.pt,ppo,7000,C:\Users\erich\Documents\AFRL\Algebraic-Connectivity-Optimization-CDC2026\lite_trials\lite_config.yaml,full,32,0.776344086022,2,392,392,0.7763440860215054,361,0.7414080656526711,23.725058100885477,0.534282799999346,0.534282799999346,0.534282799999346,path,path,path,31,0.0,0.0,False,,,False,1,path,64,4,RL+Path,2
best,C:\Users\erich\Documents\AFRL\Algebraic-Connectivity-Optimization-CDC2026\lite_trials\checkpoints\best.pt,ppo,7000,C:\Users\erich\Documents\AFRL\Algebraic-Connectivity-Optimization-CDC2026\lite_trials\lite_config.yaml,full,32,0.888172043011,0,444,444,0.8881720430107527,413,0.9426473296085007,30.164714547472023,0.584694800001671,0.584694800001671,0.584694800001671,path,path,path,31,0.0,0.0,False,,,False,1,path,64,4,RL+Path,0
best,C:\Users\erich\Documents\AFRL\Algebraic-Connectivity-Optimization-CDC2026\lite_trials\checkpoints\best.pt,ppo,7000,C:\Users\erich\Documents\AFRL\Algebraic-Connectivity-Optimization-CDC2026\lite_trials\lite_config.yaml,full,32,0.888172043011,1,444,444,0.8881720430107527,413,0.9426473296085007,30.164714547472023,0.55739899999935,0.55739899999935,0.55739899999935,path,path,path,31,0.0,0.0,False,,,False,1,path,64,4,RL+Path,1
best,C:\Users\erich\Documents\AFRL\Algebraic-Connectivity-Optimization-CDC2026\lite_trials\checkpoints\best.pt,ppo,7000,C:\Users\erich\Documents\AFRL\Algebraic-Connectivity-Optimization-CDC2026\lite_trials\lite_config.yaml,full,32,0.888172043011,2,444,444,0.8881720430107527,413,0.9426473296085007,30.164714547472023,0.5635122999992745,0.5635122999992745,0.5635122999992745,path,path,path,31,0.0,0.0,False,,,False,1,path,64,4,RL+Path,2
best,C:\Users\erich\Documents\AFRL\Algebraic-Connectivity-Optimization-CDC2026\lite_trials\checkpoints\best.pt,ppo,7000,C:\Users\erich\Documents\AFRL\Algebraic-Connectivity-Optimization-CDC2026\lite_trials\lite_config.yaml,full,32,0.997849462366,0,495,495,0.9978494623655914,464,0.9999999999999999,31.999999999999996,0.6418099000002258,0.6418099000002258,0.6418099000002258,path,path,path,31,0.0,0.0,False,,,False,1,path,64,4,RL+Path,0
best,C:\Users\erich\Documents\AFRL\Algebraic-Connectivity-Optimization-CDC2026\lite_trials\checkpoints\best.pt,ppo,7000,C:\Users\erich\Documents\AFRL\Algebraic-Connectivity-Optimization-CDC2026\lite_trials\lite_config.yaml,full,32,0.997849462366,1,495,495,0.9978494623655914,464,0.9999999999999999,31.999999999999996,0.6650592999994842,0.6650592999994842,0.6650592999994842,path,path,path,31,0.0,0.0,False,,,False,1,path,64,4,RL+Path,1
best,C:\Users\erich\Documents\AFRL\Algebraic-Connectivity-Optimization-CDC2026\lite_trials\checkpoints\best.pt,ppo,7000,C:\Users\erich\Documents\AFRL\Algebraic-Connectivity-Optimization-CDC2026\lite_trials\lite_config.yaml,full,32,0.997849462366,2,495,495,0.9978494623655914,464,0.9999999999999999,31.999999999999996,0.6564933999998175,0.6564933999998175,0.6564933999998175,path,path,path,31,0.0,0.0,False,,,False,1,path,64,4,RL+Path,2
best,C:\Users\erich\Documents\AFRL\Algebraic-Connectivity-Optimization-CDC2026\lite_trials\checkpoints\best.pt,ppo,7000,C:\Users\erich\Documents\AFRL\Algebraic-Connectivity-Optimization-CDC2026\lite_trials\lite_config.yaml,full,32,0.002150537634,0,32,32,0.002150537634408602,1,0.03124999999999995,0.9999999999999984,0.0035117999996145954,0.0035117999996145954,0.003946999999243417,backbone,envelope_only,envelope,31,1.0,0.0004351999996288214,False,,,False,1,envelope,64,4,RL+Backbone,0
best,C:\Users\erich\Documents\AFRL\Algebraic-Connectivity-Optimization-CDC2026\lite_trials\checkpoints\best.pt,ppo,7000,C:\Users\erich\Documents\AFRL\Algebraic-Connectivity-Optimization-CDC2026\lite_trials\lite_config.yaml,full,32,0.002150537634,1,32,32,0.002150537634408602,1,0.03124999999999995,0.9999999999999984,0.0011309000001347158,0.0011309000001347158,0.0012864000000263331,backbone,envelope_only,envelope,31,1.0,0.00015549999989161734,False,,,False,1,envelope,64,4,RL+Backbone,1
best,C:\Users\erich\Documents\AFRL\Algebraic-Connectivity-Optimization-CDC2026\lite_trials\checkpoints\best.pt,ppo,7000,C:\Users\erich\Documents\AFRL\Algebraic-Connectivity-Optimization-CDC2026\lite_trials\lite_config.yaml,full,32,0.002150537634,2,32,32,0.002150537634408602,1,0.03124999999999995,0.9999999999999984,0.0010195000013482058,0.0010195000013482058,0.0011727000019163825,backbone,envelope_only,envelope,31,1.0,0.00015320000056817662,False,,,False,1,envelope,64,4,RL+Backbone,2
best,C:\Users\erich\Documents\AFRL\Algebraic-Connectivity-Optimization-CDC2026\lite_trials\checkpoints\best.pt,ppo,7000,C:\Users\erich\Documents\AFRL\Algebraic-Connectivity-Optimization-CDC2026\lite_trials\lite_config.yaml,full,32,0.111827956989,0,83,83,0.11182795698924732,3,0.06881460462713086,2.2020673480681876,0.0035641000013129087,0.0035641000013129087,0.011832300000605755,backbone,cayley_only,cayley,80,2.202067348068188,0.008268199999292847,False,2,,False,1,cayley,64,4,RL+Backbone,0
best,C:\Users\erich\Documents\AFRL\Algebraic-Connectivity-Optimization-CDC2026\lite_trials\checkpoints\best.pt,ppo,7000,C:\Users\erich\Documents\AFRL\Algebraic-Connectivity-Optimization-CDC2026\lite_trials\lite_config.yaml,full,32,0.111827956989,1,83,83,0.11182795698924732,3,0.0839365056115923,2.6859681795709536,0.003760300000067218,0.003760300000067218,0.011291299999356852,backbone,cayley_only,cayley,80,2.202067348068189,0.007530999999289634,False,2,,False,1,cayley,64,4,RL+Backbone,1
best,C:\Users\erich\Documents\AFRL\Algebraic-Connectivity-Optimization-CDC2026\lite_trials\checkpoints\best.pt,ppo,7000,C:\Users\erich\Documents\AFRL\Algebraic-Connectivity-Optimization-CDC2026\lite_trials\lite_config.yaml,full,32,0.111827956989,2,83,83,0.11182795698924732,3,0.08393650561159235,2.6859681795709553,0.003253799999583862,0.003253799999583862,0.01136199999928067,backbone,cayley_only,cayley,80,2.202067348068188,0.008108199999696808,False,2,,False,1,cayley,64,4,RL+Backbone,2
best,C:\Users\erich\Documents\AFRL\Algebraic-Connectivity-Optimization-CDC2026\lite_trials\checkpoints\best.pt,ppo,7000,C:\Users\erich\Documents\AFRL\Algebraic-Connectivity-Optimization-CDC2026\lite_trials\lite_config.yaml,full,32,0.223655913978,0,135,135,0.22365591397849463,7,0.19281101210592227,6.169952387389513,0.00849710000147752,0.00849710000147752,0.016954300002907985,backbone,cayley_only,cayley,128,5.171572875253809,0.008457200001430465,False,2,,False,1,cayley,64,4,RL+Backbone,0
best,C:\Users\erich\Documents\AFRL\Algebraic-Connectivity-Optimization-CDC2026\lite_trials\checkpoints\best.pt,ppo,7000,C:\Users\erich\Documents\AFRL\Algebraic-Connectivity-Optimization-CDC2026\lite_trials\lite_config.yaml,full,32,0.223655913978,1,135,135,0.22365591397849463,7,0.19337972854385654,6.188151313403409,0.007313999998586951,0.007313999998586951,0.015948899997965782,backbone,cayley_only,cayley,128,5.171572875253811,0.008634899999378831,False,2,,False,1,cayley,64,4,RL+Backbone,1
best,C:\Users\erich\Documents\AFRL\Algebraic-Connectivity-Optimization-CDC2026\lite_trials\checkpoints\best.pt,ppo,7000,C:\Users\erich\Documents\AFRL\Algebraic-Connectivity-Optimization-CDC2026\lite_trials\lite_config.yaml,full,32,0.223655913978,2,135,135,0.22365591397849463,7,0.23099624930607054,7.391879977794257,0.008199100000638282,0.008199100000638282,0.016847700000653276,backbone,cayley_only,cayley,128,5.171572875253808,0.008648600000014994,False,2,,False,1,cayley,64,4,RL+Backbone,2
best,C:\Users\erich\Documents\AFRL\Algebraic-Connectivity-Optimization-CDC2026\lite_trials\checkpoints\best.pt,ppo,7000,C:\Users\erich\Documents\AFRL\Algebraic-Connectivity-Optimization-CDC2026\lite_trials\lite_config.yaml,full,32,0.333333333333,0,186,186,0.3333333333333333,10,0.32279685673340053,10.329499415468817,0.010818699998708325,0.010818699998708325,0.020932799998263363,backbone,cayley_only,cayley,176,8.20206734806819,0.010114099999555037,False,2,,False,1,cayley,64,4,RL+Backbone,0
best,C:\Users\erich\Documents\AFRL\Algebraic-Connectivity-Optimization-CDC2026\lite_trials\checkpoints\best.pt,ppo,7000,C:\Users\erich\Documents\AFRL\Algebraic-Connectivity-Optimization-CDC2026\lite_trials\lite_config.yaml,full,32,0.333333333333,1,186,186,0.3333333333333333,10,0.32279685673340053,10.329499415468817,0.011333600001307786,0.011333600001307786,0.021258800001305644,backbone,cayley_only,cayley,176,8.20206734806819,0.009925199999997858,False,2,,False,1,cayley,64,4,RL+Backbone,1
best,C:\Users\erich\Documents\AFRL\Algebraic-Connectivity-Optimization-CDC2026\lite_trials\checkpoints\best.pt,ppo,7000,C:\Users\erich\Documents\AFRL\Algebraic-Connectivity-Optimization-CDC2026\lite_trials\lite_config.yaml,full,32,0.333333333333,2,186,186,0.3333333333333333,10,0.3214964712392779,10.287887079656892,0.011616599998887978,0.011616599998887978,0.01979669999855105,backbone,cayley_only,cayley,176,8.20206734806819,0.00818009999966307,False,2,,False,1,cayley,64,4,RL+Backbone,2
best,C:\Users\erich\Documents\AFRL\Algebraic-Connectivity-Optimization-CDC2026\lite_trials\checkpoints\best.pt,ppo,7000,C:\Users\erich\Documents\AFRL\Algebraic-Connectivity-Optimization-CDC2026\lite_trials\lite_config.yaml,full,32,0.445161290323,0,238,238,0.44516129032258067,14,0.4296875000000018,13.750000000000057,0.015796100000443403,0.015796100000443403,0.020230699999956414,backbone,cayley_only,cayley,224,12.000000000000007,0.004434599999513011,False,2,,False,1,cayley,64,4,RL+Backbone,0
best,C:\Users\erich\Documents\AFRL\Algebraic-Connectivity-Optimization-CDC2026\lite_trials\checkpoints\best.pt,ppo,7000,C:\Users\erich\Documents\AFRL\Algebraic-Connectivity-Optimization-CDC2026\lite_trials\lite_config.yaml,full,32,0.445161290323,1,238,238,0.44516129032258067,14,0.4296875000000018,13.750000000000057,0.01608979999946314,0.01608979999946314,0.019824199998765835,backbone,cayley_only,cayley,224,12.000000000000007,0.0037343999993026955,False,2,,False,1,cayley,64,4,RL+Backbone,1
best,C:\Users\erich\Documents\AFRL\Algebraic-Connectivity-Optimization-CDC2026\lite_trials\checkpoints\best.pt,ppo,7000,C:\Users\erich\Documents\AFRL\Algebraic-Connectivity-Optimization-CDC2026\lite_trials\lite_config.yaml,full,32,0.445161290323,2,238,238,0.44516129032258067,14,0.4296875000000018,13.750000000000057,0.019952799999373383,0.019952799999373383,0.02399889999833249,backbone,cayley_only,cayley,224,12.000000000000007,0.004046099998959107,False,2,,False,1,cayley,64,4,RL+Backbone,2
best,C:\Users\erich\Documents\AFRL\Algebraic-Connectivity-Optimization-CDC2026\lite_trials\checkpoints\best.pt,ppo,7000,C:\Users\erich\Documents\AFRL\Algebraic-Connectivity-Optimization-CDC2026\lite_trials\lite_config.yaml,full,32,0.554838709677,0,289,289,0.5548387096774193,4,0.5680419810003008,18.177343392009625,0.006454700000176672,0.006454700000176672,0.01228859999901033,backbone,both,envelope,285,17.0,0.010260099999868544,False,,,True,2,"cayley,envelope",64,4,RL+Backbone,0
best,C:\Users\erich\Documents\AFRL\Algebraic-Connectivity-Optimization-CDC2026\lite_trials\checkpoints\best.pt,ppo,7000,C:\Users\erich\Documents\AFRL\Algebraic-Connectivity-Optimization-CDC2026\lite_trials\lite_config.yaml,full,32,0.554838709677,1,289,289,0.5548387096774193,4,0.5680419810003008,18.177343392009625,0.00682290000077046,0.00682290000077046,0.011196600000403123,backbone,both,envelope,285,17.0,0.009235400000761729,False,,,True,2,"cayley,envelope",64,4,RL+Backbone,1
best,C:\Users\erich\Documents\AFRL\Algebraic-Connectivity-Optimization-CDC2026\lite_trials\checkpoints\best.pt,ppo,7000,C:\Users\erich\Documents\AFRL\Algebraic-Connectivity-Optimization-CDC2026\lite_trials\lite_config.yaml,full,32,0.554838709677,2,289,289,0.5548387096774193,4,0.5680419810003008,18.177343392009625,0.005212000000028638,0.005212000000028638,0.01213379999899189,backbone,both,envelope,285,17.0,0.010175699999308563,False,,,True,2,"cayley,envelope",64,4,RL+Backbone,2
best,C:\Users\erich\Documents\AFRL\Algebraic-Connectivity-Optimization-CDC2026\lite_trials\checkpoints\best.pt,ppo,7000,C:\Users\erich\Documents\AFRL\Algebraic-Connectivity-Optimization-CDC2026\lite_trials\lite_config.yaml,full,32,0.666666666667,0,341,341,0.6666666666666666,0,0.6562499999999993,20.99999999999998,1.9999970390927047e-07,1.9999970390927047e-07,0.0038100999991002027,backbone,both,envelope,341,21.0,0.0038098999993962934,False,,,True,2,"cayley,envelope",64,4,RL+Backbone,0
best,C:\Users\erich\Documents\AFRL\Algebraic-Connectivity-Optimization-CDC2026\lite_trials\checkpoints\best.pt,ppo,7000,C:\Users\erich\Documents\AFRL\Algebraic-Connectivity-Optimization-CDC2026\lite_trials\lite_config.yaml,full,32,0.666666666667,1,341,341,0.6666666666666666,0,0.6562499999999993,20.99999999999998,2.00001522898674e-07,2.00001522898674e-07,0.005173700001250836,backbone,both,envelope,341,21.0,0.005173600000489387,False,,,True,2,"cayley,envelope",64,4,RL+Backbone,1
best,C:\Users\erich\Documents\AFRL\Algebraic-Connectivity-Optimization-CDC2026\lite_trials\checkpoints\best.pt,ppo,7000,C:\Users\erich\Documents\AFRL\Algebraic-Connectivity-Optimization-CDC2026\lite_trials\lite_config.yaml,full,32,0.666666666667,2,341,341,0.6666666666666666,0,0.6562499999999998,20.999999999999993,3.0000046535860747e-07,3.0000046535860747e-07,0.003867999999783933,backbone,both,cayley,341,20.99999999999999,0.003867800000080024,False,3,,True,2,"cayley,envelope",64,4,RL+Backbone,2
best,C:\Users\erich\Documents\AFRL\Algebraic-Connectivity-Optimization-CDC2026\lite_trials\checkpoints\best.pt,ppo,7000,C:\Users\erich\Documents\AFRL\Algebraic-Connectivity-Optimization-CDC2026\lite_trials\lite_config.yaml,full,32,0.776344086022,0,392,392,0.7763440860215054,8,0.8729341155308363,27.933891696986763,0.011075700000219513,0.011075700000219513,0.011533400000189431,backbone,envelope_only,envelope,384,24.0,0.0004576999999699183,False,,,False,1,envelope,64,4,RL+Backbone,0
best,C:\Users\erich\Documents\AFRL\Algebraic-Connectivity-Optimization-CDC2026\lite_trials\checkpoints\best.pt,ppo,7000,C:\Users\erich\Documents\AFRL\Algebraic-Connectivity-Optimization-CDC2026\lite_trials\lite_config.yaml,full,32,0.776344086022,1,392,392,0.7763440860215054,8,0.8729341155308363,27.933891696986763,0.010336399998777779,0.010336399998777779,0.010648599998603459,backbone,envelope_only,envelope,384,24.0,0.0003121999998256797,False,,,False,1,envelope,64,4,RL+Backbone,1
best,C:\Users\erich\Documents\AFRL\Algebraic-Connectivity-Optimization-CDC2026\lite_trials\checkpoints\best.pt,ppo,7000,C:\Users\erich\Documents\AFRL\Algebraic-Connectivity-Optimization-CDC2026\lite_trials\lite_config.yaml,full,32,0.776344086022,2,392,392,0.7763440860215054,8,0.8729341155308363,27.933891696986763,0.012763099999574479,0.012763099999574479,0.013156299999536714,backbone,envelope_only,envelope,384,24.0,0.00039319999996223487,False,,,False,1,envelope,64,4,RL+Backbone,2
best,C:\Users\erich\Documents\AFRL\Algebraic-Connectivity-Optimization-CDC2026\lite_trials\checkpoints\best.pt,ppo,7000,C:\Users\erich\Documents\AFRL\Algebraic-Connectivity-Optimization-CDC2026\lite_trials\lite_config.yaml,full,32,0.888172043011,0,444,444,0.8881720430107527,9,0.9013331690516134,28.84266140965163,0.01337479999892821,0.01337479999892821,0.01390499999797612,backbone,envelope_only,envelope,435,27.0,0.0005301999990479089,False,,,False,1,envelope,64,4,RL+Backbone,0
best,C:\Users\erich\Documents\AFRL\Algebraic-Connectivity-Optimization-CDC2026\lite_trials\checkpoints\best.pt,ppo,7000,C:\Users\erich\Documents\AFRL\Algebraic-Connectivity-Optimization-CDC2026\lite_trials\lite_config.yaml,full,32,0.888172043011,1,444,444,0.8881720430107527,9,0.9013331690516134,28.84266140965163,0.015574899998682668,0.015574899998682668,0.016087999998489977,backbone,envelope_only,envelope,435,27.0,0.0005130999998073094,False,,,False,1,envelope,64,4,RL+Backbone,1
best,C:\Users\erich\Documents\AFRL\Algebraic-Connectivity-Optimization-CDC2026\lite_trials\checkpoints\best.pt,ppo,7000,C:\Users\erich\Documents\AFRL\Algebraic-Connectivity-Optimization-CDC2026\lite_trials\lite_config.yaml,full,32,0.888172043011,2,444,444,0.8881720430107527,9,0.9013331690516134,28.84266140965163,0.012514800000644755,0.012514800000644755,0.013022099999943748,backbone,envelope_only,envelope,435,27.0,0.0005072999992989935,False,,,False,1,envelope,64,4,RL+Backbone,2
best,C:\Users\erich\Documents\AFRL\Algebraic-Connectivity-Optimization-CDC2026\lite_trials\checkpoints\best.pt,ppo,7000,C:\Users\erich\Documents\AFRL\Algebraic-Connectivity-Optimization-CDC2026\lite_trials\lite_config.yaml,full,32,0.997849462366,0,495,495,0.9978494623655914,15,0.9469845745036086,30.303506384115476,0.024924000001192326,0.024924000001192326,0.0260457000003953,backbone,envelope_only,envelope,480,30.0,0.0011216999992029741,False,,,False,1,envelope,64,4,RL+Backbone,0
best,C:\Users\erich\Documents\AFRL\Algebraic-Connectivity-Optimization-CDC2026\lite_trials\checkpoints\best.pt,ppo,7000,C:\Users\erich\Documents\AFRL\Algebraic-Connectivity-Optimization-CDC2026\lite_trials\lite_config.yaml,full,32,0.997849462366,1,495,495,0.9978494623655914,15,0.9469845745036086,30.303506384115476,0.020470699999350472,0.020470699999350472,0.02103489999899466,backbone,envelope_only,envelope,480,30.0,0.0005641999996441882,False,,,False,1,envelope,64,4,RL+Backbone,1
best,C:\Users\erich\Documents\AFRL\Algebraic-Connectivity-Optimization-CDC2026\lite_trials\checkpoints\best.pt,ppo,7000,C:\Users\erich\Documents\AFRL\Algebraic-Connectivity-Optimization-CDC2026\lite_trials\lite_config.yaml,full,32,0.997849462366,2,495,495,0.9978494623655914,15,0.9469845745036086,30.303506384115476,0.024179000000003725,0.024179000000003725,0.024575699999331846,backbone,envelope_only,envelope,480,30.0,0.0003966999993281206,False,,,False,1,envelope,64,4,RL+Backbone,2
best,C:\Users\erich\Documents\AFRL\Algebraic-Connectivity-Optimization-CDC2026\lite_trials\checkpoints\best.pt,ppo,7000,C:\Users\erich\Documents\AFRL\Algebraic-Connectivity-Optimization-CDC2026\lite_trials\lite_config.yaml,full,91,0.00024968789,0,91,91,0.00024968789013732833,1,0.0009788748921518895,0.08907761518582194,0.004539899999144836,0.004539899999144836,0.004539899999144836,path,path,path,90,0.0,0.0,False,,,False,1,path,64,4,RL+Path,0
best,C:\Users\erich\Documents\AFRL\Algebraic-Connectivity-Optimization-CDC2026\lite_trials\checkpoints\best.pt,ppo,7000,C:\Users\erich\Documents\AFRL\Algebraic-Connectivity-Optimization-CDC2026\lite_trials\lite_config.yaml,full,91,0.00024968789,1,91,91,0.00024968789013732833,1,0.0009788748921518895,0.08907761518582194,0.0023083999985828996,0.0023083999985828996,0.0023083999985828996,path,path,path,90,0.0,0.0,False,,,False,1,path,64,4,RL+Path,1
best,C:\Users\erich\Documents\AFRL\Algebraic-Connectivity-Optimization-CDC2026\lite_trials\checkpoints\best.pt,ppo,7000,C:\Users\erich\Documents\AFRL\Algebraic-Connectivity-Optimization-CDC2026\lite_trials\lite_config.yaml,full,91,0.00024968789,2,91,91,0.00024968789013732833,1,0.0009788748921518895,0.08907761518582194,0.0017392999998264713,0.0017392999998264713,0.0017392999998264713,path,path,path,90,0.0,0.0,False,,,False,1,path,64,4,RL+Path,2
best,C:\Users\erich\Documents\AFRL\Algebraic-Connectivity-Optimization-CDC2026\lite_trials\checkpoints\best.pt,ppo,7000,C:\Users\erich\Documents\AFRL\Algebraic-Connectivity-Optimization-CDC2026\lite_trials\lite_config.yaml,full,91,0.111360799001,0,536,536,0.11136079900124844,446,0.050042518383811,4.553869172926801,0.7936761000000843,0.7936761000000843,0.7936761000000843,path,path,path,90,0.0,0.0,False,,,False,1,path,64,4,RL+Path,0
best,C:\Users\erich\Documents\AFRL\Algebraic-Connectivity-Optimization-CDC2026\lite_trials\checkpoints\best.pt,ppo,7000,C:\Users\erich\Documents\AFRL\Algebraic-Connectivity-Optimization-CDC2026\lite_trials\lite_config.yaml,full,91,0.111360799001,1,536,536,0.11136079900124844,446,0.050042518383811,4.553869172926801,0.8623723000000609,0.8623723000000609,0.8623723000000609,path,path,path,90,0.0,0.0,False,,,False,1,path,64,4,RL+Path,1
best,C:\Users\erich\Documents\AFRL\Algebraic-Connectivity-Optimization-CDC2026\lite_trials\checkpoints\best.pt,ppo,7000,C:\Users\erich\Documents\AFRL\Algebraic-Connectivity-Optimization-CDC2026\lite_trials\lite_config.yaml,full,91,0.111360799001,2,536,536,0.11136079900124844,446,0.050042518383811,4.553869172926801,0.8565894999992452,0.8565894999992452,0.8565894999992452,path,path,path,90,0.0,0.0,False,,,False,1,path,64,4,RL+Path,2
best,C:\Users\erich\Documents\AFRL\Algebraic-Connectivity-Optimization-CDC2026\lite_trials\checkpoints\best.pt,ppo,7000,C:\Users\erich\Documents\AFRL\Algebraic-Connectivity-Optimization-CDC2026\lite_trials\lite_config.yaml,full,91,0.222471910112,0,981,981,0.22247191011235956,891,0.17019204790208045,15.487476359089321,2.057953699999416,2.057953699999416,2.057953699999416,path,path,path,90,0.0,0.0,False,,,False,1,path,64,4,RL+Path,0
best,C:\Users\erich\Documents\AFRL\Algebraic-Connectivity-Optimization-CDC2026\lite_trials\checkpoints\best.pt,ppo,7000,C:\Users\erich\Documents\AFRL\Algebraic-Connectivity-Optimization-CDC2026\lite_trials\lite_config.yaml,full,91,0.222471910112,1,981,981,0.22247191011235956,891,0.17019204790208045,15.487476359089321,1.9527982999989035,1.9527982999989035,1.9527982999989035,path,path,path,90,0.0,0.0,False,,,False,1,path,64,4,RL+Path,1
best,C:\Users\erich\Documents\AFRL\Algebraic-Connectivity-Optimization-CDC2026\lite_trials\checkpoints\best.pt,ppo,7000,C:\Users\erich\Documents\AFRL\Algebraic-Connectivity-Optimization-CDC2026\lite_trials\lite_config.yaml,full,91,0.222471910112,2,981,981,0.22247191011235956,891,0.17019204790208045,15.487476359089321,1.9927870999999868,1.9927870999999868,1.9927870999999868,path,path,path,90,0.0,0.0,False,,,False,1,path,64,4,RL+Path,2
best,C:\Users\erich\Documents\AFRL\Algebraic-Connectivity-Optimization-CDC2026\lite_trials\checkpoints\best.pt,ppo,7000,C:\Users\erich\Documents\AFRL\Algebraic-Connectivity-Optimization-CDC2026\lite_trials\lite_config.yaml,full,91,0.333333333333,0,1425,1425,0.3333333333333333,1335,0.2735129895556711,24.88968204956607,3.409094200000254,3.409094200000254,3.409094200000254,path,path,path,90,0.0,0.0,False,,,False,1,path,64,4,RL+Path,0
best,C:\Users\erich\Documents\AFRL\Algebraic-Connectivity-Optimization-CDC2026\lite_trials\checkpoints\best.pt,ppo,7000,C:\Users\erich\Documents\AFRL\Algebraic-Connectivity-Optimization-CDC2026\lite_trials\lite_config.yaml,full,91,0.333333333333,1,1425,1425,0.3333333333333333,1335,0.2735129895556711,24.88968204956607,3.3458229999996547,3.3458229999996547,3.3458229999996547,path,path,path,90,0.0,0.0,False,,,False,1,path,64,4,RL+Path,1
best,C:\Users\erich\Documents\AFRL\Algebraic-Connectivity-Optimization-CDC2026\lite_trials\checkpoints\best.pt,ppo,7000,C:\Users\erich\Documents\AFRL\Algebraic-Connectivity-Optimization-CDC2026\lite_trials\lite_config.yaml,full,91,0.333333333333,2,1425,1425,0.3333333333333333,1335,0.2735129895556711,24.88968204956607,3.3840012999989995,3.3840012999989995,3.3840012999989995,path,path,path,90,0.0,0.0,False,,,False,1,path,64,4,RL+Path,2
best,C:\Users\erich\Documents\AFRL\Algebraic-Connectivity-Optimization-CDC2026\lite_trials\checkpoints\best.pt,ppo,7000,C:\Users\erich\Documents\AFRL\Algebraic-Connectivity-Optimization-CDC2026\lite_trials\lite_config.yaml,full,91,0.444444444444,0,1870,1870,0.4444444444444444,1780,0.3959189154925453,36.028621309821624,5.102823199998966,5.102823199998966,5.102823199998966,path,path,path,90,0.0,0.0,False,,,False,1,path,64,4,RL+Path,0
best,C:\Users\erich\Documents\AFRL\Algebraic-Connectivity-Optimization-CDC2026\lite_trials\checkpoints\best.pt,ppo,7000,C:\Users\erich\Documents\AFRL\Algebraic-Connectivity-Optimization-CDC2026\lite_trials\lite_config.yaml,full,91,0.444444444444,1,1870,1870,0.4444444444444444,1780,0.3959189154925453,36.028621309821624,5.101791400000366,5.101791400000366,5.101791400000366,path,path,path,90,0.0,0.0,False,,,False,1,path,64,4,RL+Path,1
best,C:\Users\erich\Documents\AFRL\Algebraic-Connectivity-Optimization-CDC2026\lite_trials\checkpoints\best.pt,ppo,7000,C:\Users\erich\Documents\AFRL\Algebraic-Connectivity-Optimization-CDC2026\lite_trials\lite_config.yaml,full,91,0.444444444444,2,1870,1870,0.4444444444444444,1780,0.3959189154925453,36.028621309821624,5.07946660000016,5.07946660000016,5.07946660000016,path,path,path,90,0.0,0.0,False,,,False,1,path,64,4,RL+Path,2
best,C:\Users\erich\Documents\AFRL\Algebraic-Connectivity-Optimization-CDC2026\lite_trials\checkpoints\best.pt,ppo,7000,C:\Users\erich\Documents\AFRL\Algebraic-Connectivity-Optimization-CDC2026\lite_trials\lite_config.yaml,full,91,0.555555555556,0,2315,2315,0.5555555555555556,2225,0.497013129883723,45.22819481941879,7.275607699999455,7.275607699999455,7.275607699999455,path,path,path,90,0.0,0.0,False,,,False,1,path,64,4,RL+Path,0
best,C:\Users\erich\Documents\AFRL\Algebraic-Connectivity-Optimization-CDC2026\lite_trials\checkpoints\best.pt,ppo,7000,C:\Users\erich\Documents\AFRL\Algebraic-Connectivity-Optimization-CDC2026\lite_trials\lite_config.yaml,full,91,0.555555555556,1,2315,2315,0.5555555555555556,2225,0.497013129883723,45.22819481941879,6.088455799999792,6.088455799999792,6.088455799999792,path,path,path,90,0.0,0.0,False,,,False,1,path,64,4,RL+Path,1
best,C:\Users\erich\Documents\AFRL\Algebraic-Connectivity-Optimization-CDC2026\lite_trials\checkpoints\best.pt,ppo,7000,C:\Users\erich\Documents\AFRL\Algebraic-Connectivity-Optimization-CDC2026\lite_trials\lite_config.yaml,full,91,0.555555555556,2,2315,2315,0.5555555555555556,2225,0.497013129883723,45.22819481941879,5.689828900000066,5.689828900000066,5.689828900000066,path,path,path,90,0.0,0.0,False,,,False,1,path,64,4,RL+Path,2
best,C:\Users\erich\Documents\AFRL\Algebraic-Connectivity-Optimization-CDC2026\lite_trials\checkpoints\best.pt,ppo,7000,C:\Users\erich\Documents\AFRL\Algebraic-Connectivity-Optimization-CDC2026\lite_trials\lite_config.yaml,full,91,0.666666666667,0,2760,2760,0.6666666666666666,2670,0.6102222775327079,55.53022725547641,9.111844799999744,9.111844799999744,9.111844799999744,path,path,path,90,0.0,0.0,False,,,False,1,path,64,4,RL+Path,0
best,C:\Users\erich\Documents\AFRL\Algebraic-Connectivity-Optimization-CDC2026\lite_trials\checkpoints\best.pt,ppo,7000,C:\Users\erich\Documents\AFRL\Algebraic-Connectivity-Optimization-CDC2026\lite_trials\lite_config.yaml,full,91,0.666666666667,1,2760,2760,0.6666666666666666,2670,0.6102222775327079,55.53022725547641,8.896033700000771,8.896033700000771,8.896033700000771,path,path,path,90,0.0,0.0,False,,,False,1,path,64,4,RL+Path,1
best,C:\Users\erich\Documents\AFRL\Algebraic-Connectivity-Optimization-CDC2026\lite_trials\checkpoints\best.pt,ppo,7000,C:\Users\erich\Documents\AFRL\Algebraic-Connectivity-Optimization-CDC2026\lite_trials\lite_config.yaml,full,91,0.666666666667,2,2760,2760,0.6666666666666666,2670,0.6102222775327079,55.53022725547641,8.900730700001077,8.900730700001077,8.900730700001077,path,path,path,90,0.0,0.0,False,,,False,1,path,64,4,RL+Path,2
best,C:\Users\erich\Documents\AFRL\Algebraic-Connectivity-Optimization-CDC2026\lite_trials\checkpoints\best.pt,ppo,7000,C:\Users\erich\Documents\AFRL\Algebraic-Connectivity-Optimization-CDC2026\lite_trials\lite_config.yaml,full,91,0.777528089888,0,3204,3204,0.7775280898876404,3114,0.7242280102562316,65.90474893331708,11.19170380000105,11.19170380000105,11.19170380000105,path,path,path,90,0.0,0.0,False,,,False,1,path,64,4,RL+Path,0
best,C:\Users\erich\Documents\AFRL\Algebraic-Connectivity-Optimization-CDC2026\lite_trials\checkpoints\best.pt,ppo,7000,C:\Users\erich\Documents\AFRL\Algebraic-Connectivity-Optimization-CDC2026\lite_trials\lite_config.yaml,full,91,0.777528089888,1,3204,3204,0.7775280898876404,3114,0.7242280102562316,65.90474893331708,11.347218900000371,11.347218900000371,11.347218900000371,path,path,path,90,0.0,0.0,False,,,False,1,path,64,4,RL+Path,1
best,C:\Users\erich\Documents\AFRL\Algebraic-Connectivity-Optimization-CDC2026\lite_trials\checkpoints\best.pt,ppo,7000,C:\Users\erich\Documents\AFRL\Algebraic-Connectivity-Optimization-CDC2026\lite_trials\lite_config.yaml,full,91,0.777528089888,2,3204,3204,0.7775280898876404,3114,0.7242280102562316,65.90474893331708,11.449138199999652,11.449138199999652,11.449138199999652,path,path,path,90,0.0,0.0,False,,,False,1,path,64,4,RL+Path,2
best,C:\Users\erich\Documents\AFRL\Algebraic-Connectivity-Optimization-CDC2026\lite_trials\checkpoints\best.pt,ppo,7000,C:\Users\erich\Documents\AFRL\Algebraic-Connectivity-Optimization-CDC2026\lite_trials\lite_config.yaml,full,91,0.888639200999,0,3649,3649,0.8886392009987516,3559,0.8331817643142047,75.81954055259263,14.263636199999382,14.263636199999382,14.263636199999382,path,path,path,90,0.0,0.0,False,,,False,1,path,64,4,RL+Path,0
best,C:\Users\erich\Documents\AFRL\Algebraic-Connectivity-Optimization-CDC2026\lite_trials\checkpoints\best.pt,ppo,7000,C:\Users\erich\Documents\AFRL\Algebraic-Connectivity-Optimization-CDC2026\lite_trials\lite_config.yaml,full,91,0.888639200999,1,3649,3649,0.8886392009987516,3559,0.8331817643142047,75.81954055259263,14.23351670000011,14.23351670000011,14.23351670000011,path,path,path,90,0.0,0.0,False,,,False,1,path,64,4,RL+Path,1
best,C:\Users\erich\Documents\AFRL\Algebraic-Connectivity-Optimization-CDC2026\lite_trials\checkpoints\best.pt,ppo,7000,C:\Users\erich\Documents\AFRL\Algebraic-Connectivity-Optimization-CDC2026\lite_trials\lite_config.yaml,full,91,0.888639200999,2,3649,3649,0.8886392009987516,3559,0.8331817643142047,75.81954055259263,13.925444600001356,13.925444600001356,13.925444600001356,path,path,path,90,0.0,0.0,False,,,False,1,path,64,4,RL+Path,2
best,C:\Users\erich\Documents\AFRL\Algebraic-Connectivity-Optimization-CDC2026\lite_trials\checkpoints\best.pt,ppo,7000,C:\Users\erich\Documents\AFRL\Algebraic-Connectivity-Optimization-CDC2026\lite_trials\lite_config.yaml,full,91,0.99975031211,0,4094,4094,0.9997503121098626,4004,0.9784603893519362,89.0398954310262,16.730110200000126,16.730110200000126,16.730110200000126,path,path,path,90,0.0,0.0,False,,,False,1,path,64,4,RL+Path,0
best,C:\Users\erich\Documents\AFRL\Algebraic-Connectivity-Optimization-CDC2026\lite_trials\checkpoints\best.pt,ppo,7000,C:\Users\erich\Documents\AFRL\Algebraic-Connectivity-Optimization-CDC2026\lite_trials\lite_config.yaml,full,91,0.99975031211,1,4094,4094,0.9997503121098626,4004,0.9784603893519362,89.0398954310262,16.520080399999642,16.520080399999642,16.520080399999642,path,path,path,90,0.0,0.0,False,,,False,1,path,64,4,RL+Path,1
best,C:\Users\erich\Documents\AFRL\Algebraic-Connectivity-Optimization-CDC2026\lite_trials\checkpoints\best.pt,ppo,7000,C:\Users\erich\Documents\AFRL\Algebraic-Connectivity-Optimization-CDC2026\lite_trials\lite_config.yaml,full,91,0.99975031211,2,4094,4094,0.9997503121098626,4004,0.9784603893519362,89.0398954310262,16.59490310000001,16.59490310000001,16.59490310000001,path,path,path,90,0.0,0.0,False,,,False,1,path,64,4,RL+Path,2
best,C:\Users\erich\Documents\AFRL\Algebraic-Connectivity-Optimization-CDC2026\lite_trials\checkpoints\best.pt,ppo,7000,C:\Users\erich\Documents\AFRL\Algebraic-Connectivity-Optimization-CDC2026\lite_trials\lite_config.yaml,full,91,0.00024968789,0,91,91,0.00024968789013732833,1,0.01098901098901096,0.9999999999999974,0.005705899999156827,0.005705899999156827,0.006172999999762396,backbone,envelope_only,envelope,90,1.0,0.0004671000006055692,False,,,False,1,envelope,64,4,RL+Backbone,0
best,C:\Users\erich\Documents\AFRL\Algebraic-Connectivity-Optimization-CDC2026\lite_trials\checkpoints\best.pt,ppo,7000,C:\Users\erich\Documents\AFRL\Algebraic-Connectivity-Optimization-CDC2026\lite_trials\lite_config.yaml,full,91,0.00024968789,1,91,91,0.00024968789013732833,1,0.01098901098901096,0.9999999999999974,0.003995799999756855,0.003995799999756855,0.0042090000006282935,backbone,envelope_only,envelope,90,1.0,0.00021320000087143853,False,,,False,1,envelope,64,4,RL+Backbone,1
best,C:\Users\erich\Documents\AFRL\Algebraic-Connectivity-Optimization-CDC2026\lite_trials\checkpoints\best.pt,ppo,7000,C:\Users\erich\Documents\AFRL\Algebraic-Connectivity-Optimization-CDC2026\lite_trials\lite_config.yaml,full,91,0.00024968789,2,91,91,0.00024968789013732833,1,0.01098901098901096,0.9999999999999974,0.003098400000453694,0.003098400000453694,0.0033838000017567538,backbone,envelope_only,envelope,90,1.0,0.00028540000130306,False,,,False,1,envelope,64,4,RL+Backbone,2
best,C:\Users\erich\Documents\AFRL\Algebraic-Connectivity-Optimization-CDC2026\lite_trials\checkpoints\best.pt,ppo,7000,C:\Users\erich\Documents\AFRL\Algebraic-Connectivity-Optimization-CDC2026\lite_trials\lite_config.yaml,full,91,0.111360799001,0,536,536,0.11136079900124844,41,0.10256332841254188,9.333262885541311,0.12104459999864048,0.12104459999864048,0.24041699999906996,backbone,cayley_only,cayley,495,6.6977559955055765,0.11937240000042948,False,2,,False,1,cayley,64,4,RL+Backbone,0
best,C:\Users\erich\Documents\AFRL\Algebraic-Connectivity-Optimization-CDC2026\lite_trials\checkpoints\best.pt,ppo,7000,C:\Users\erich\Documents\AFRL\Algebraic-Connectivity-Optimization-CDC2026\lite_trials\lite_config.yaml,full,91,0.111360799001,1,536,536,0.11136079900124844,41,0.1154249658531551,10.503671892637115,0.07144229999903473,0.07144229999903473,0.1928207000000839,backbone,cayley_only,cayley,495,6.80647595928234,0.12137840000104916,False,2,,False,1,cayley,64,4,RL+Backbone,1
best,C:\Users\erich\Documents\AFRL\Algebraic-Connectivity-Optimization-CDC2026\lite_trials\checkpoints\best.pt,ppo,7000,C:\Users\erich\Documents\AFRL\Algebraic-Connectivity-Optimization-CDC2026\lite_trials\lite_config.yaml,full,91,0.111360799001,2,536,536,0.11136079900124844,41,0.10985976818109829,9.997238904479945,0.0767907000008563,0.0767907000008563,0.19692439999926137,backbone,cayley_only,cayley,495,6.781630927434178,0.12013369999840506,False,2,,False,1,cayley,64,4,RL+Backbone,2
best,C:\Users\erich\Documents\AFRL\Algebraic-Connectivity-Optimization-CDC2026\lite_trials\checkpoints\best.pt,ppo,7000,C:\Users\erich\Documents\AFRL\Algebraic-Connectivity-Optimization-CDC2026\lite_trials\lite_config.yaml,full,91,0.222471910112,0,981,981,0.22247191011235956,36,0.1859776633911376,16.923967368593523,0.08731120000084047,0.08731120000084047,0.21306299999923795,backbone,cayley_only,cayley,945,15.840289429463455,0.12575179999839747,False,2,,False,1,cayley,64,4,RL+Backbone,0
best,C:\Users\erich\Documents\AFRL\Algebraic-Connectivity-Optimization-CDC2026\lite_trials\checkpoints\best.pt,ppo,7000,C:\Users\erich\Documents\AFRL\Algebraic-Connectivity-Optimization-CDC2026\lite_trials\lite_config.yaml,full,91,0.222471910112,1,981,981,0.22247191011235956,36,0.184902479922555,16.826125672952507,0.09160200000042096,0.09160200000042096,0.2169499999999971,backbone,cayley_only,cayley,945,15.825378389093053,0.12534799999957613,False,2,,False,1,cayley,64,4,RL+Backbone,1
best,C:\Users\erich\Documents\AFRL\Algebraic-Connectivity-Optimization-CDC2026\lite_trials\checkpoints\best.pt,ppo,7000,C:\Users\erich\Documents\AFRL\Algebraic-Connectivity-Optimization-CDC2026\lite_trials\lite_config.yaml,full,91,0.222471910112,2,981,981,0.22247191011235956,36,0.18434237212330654,16.775155863220895,0.08893349999925704,0.08893349999925704,0.211904499998127,backbone,cayley_only,cayley,945,15.595607203204986,0.12297099999886996,False,2,,False,1,cayley,64,4,RL+Backbone,2
best,C:\Users\erich\Documents\AFRL\Algebraic-Connectivity-Optimization-CDC2026\lite_trials\checkpoints\best.pt,ppo,7000,C:\Users\erich\Documents\AFRL\Algebraic-Connectivity-Optimization-CDC2026\lite_trials\lite_config.yaml,full,91,0.333333333333,0,1425,1425,0.3333333333333333,30,0.3240071015757456,29.48464624339285,0.08035049999853072,0.08035049999853072,0.2130691999973351,backbone,cayley_only,cayley,1395,25.967760650564482,0.13271869999880437,False,2,,False,1,cayley,64,4,RL+Backbone,0
best,C:\Users\erich\Documents\AFRL\Algebraic-Connectivity-Optimization-CDC2026\lite_trials\checkpoints\best.pt,ppo,7000,C:\Users\erich\Documents\AFRL\Algebraic-Connectivity-Optimization-CDC2026\lite_trials\lite_config.yaml,full,91,0.333333333333,1,1425,1425,0.3333333333333333,30,0.31829222136903546,28.964592144582227,0.07993999999962398,0.07993999999962398,0.2063224999983504,backbone,cayley_only,cayley,1395,25.937852533149808,0.12638249999872642,False,2,,False,1,cayley,64,4,RL+Backbone,1
best,C:\Users\erich\Documents\AFRL\Algebraic-Connectivity-Optimization-CDC2026\lite_trials\checkpoints\best.pt,ppo,7000,C:\Users\erich\Documents\AFRL\Algebraic-Connectivity-Optimization-CDC2026\lite_trials\lite_config.yaml,full,91,0.333333333333,2,1425,1425,0.3333333333333333,30,0.334412054666424,30.43149697464458,0.07720250000056694,0.07720250000056694,0.20635370000127295,backbone,cayley_only,cayley,1395,25.847845047044018,0.129151200000706,False,2,,False,1,cayley,64,4,RL+Backbone,2
best,C:\Users\erich\Documents\AFRL\Algebraic-Connectivity-Optimization-CDC2026\lite_trials\checkpoints\best.pt,ppo,7000,C:\Users\erich\Documents\AFRL\Algebraic-Connectivity-Optimization-CDC2026\lite_trials\lite_config.yaml,full,91,0.444444444444,0,1870,1870,0.4444444444444444,25,0.4438837643466555,40.39342255554565,0.08880589999898802,0.08880589999898802,0.2203048999999737,backbone,cayley_only,cayley,1845,37.24261924768593,0.1314990000009857,False,2,,False,1,cayley,64,4,RL+Backbone,0
best,C:\Users\erich\Documents\AFRL\Algebraic-Connectivity-Optimization-CDC2026\lite_trials\checkpoints\best.pt,ppo,7000,C:\Users\erich\Documents\AFRL\Algebraic-Connectivity-Optimization-CDC2026\lite_trials\lite_config.yaml,full,91,0.444444444444,1,1870,1870,0.4444444444444444,25,0.44788266913009606,40.75732289083874,0.08003610000014305,0.08003610000014305,0.22256019999986165,backbone,cayley_only,cayley,1845,37.29388329348712,0.1425240999997186,False,2,,False,1,cayley,64,4,RL+Backbone,1
best,C:\Users\erich\Documents\AFRL\Algebraic-Connectivity-Optimization-CDC2026\lite_trials\checkpoints\best.pt,ppo,7000,C:\Users\erich\Documents\AFRL\Algebraic-Connectivity-Optimization-CDC2026\lite_trials\lite_config.yaml,full,91,0.444444444444,2,1870,1870,0.4444444444444444,25,0.4380412486597163,39.86175362803418,0.07444260000011127,0.07444260000011127,0.20851260000017646,backbone,cayley_only,cayley,1845,37.288481294195776,0.1340700000000652,False,2,,False,1,cayley,64,4,RL+Backbone,2
best,C:\Users\erich\Documents\AFRL\Algebraic-Connectivity-Optimization-CDC2026\lite_trials\checkpoints\best.pt,ppo,7000,C:\Users\erich\Documents\AFRL\Algebraic-Connectivity-Optimization-CDC2026\lite_trials\lite_config.yaml,full,91,0.555555555556,0,2315,2315,0.5555555555555556,20,0.5475218342296831,49.824486914901165,0.1751592000000528,0.1751592000000528,0.26187229999959527,backbone,both,cayley,2295,46.667253399199154,0.1932118000004266,False,2,,True,2,"cayley,envelope",64,4,RL+Backbone,0
best,C:\Users\erich\Documents\AFRL\Algebraic-Connectivity-Optimization-CDC2026\lite_trials\checkpoints\best.pt,ppo,7000,C:\Users\erich\Documents\AFRL\Algebraic-Connectivity-Optimization-CDC2026\lite_trials\lite_config.yaml,full,91,0.555555555556,1,2315,2315,0.5555555555555556,20,0.5471351853070194,49.78930186293877,0.17021930000009888,0.17021930000009888,0.25983959999939543,backbone,both,cayley,2295,46.667253399199154,0.18664050000006682,False,2,,True,2,"cayley,envelope",64,4,RL+Backbone,1
best,C:\Users\erich\Documents\AFRL\Algebraic-Connectivity-Optimization-CDC2026\lite_trials\checkpoints\best.pt,ppo,7000,C:\Users\erich\Documents\AFRL\Algebraic-Connectivity-Optimization-CDC2026\lite_trials\lite_config.yaml,full,91,0.555555555556,2,2315,2315,0.5555555555555556,20,0.5472570326811473,49.80038997398441,0.19477399999959744,0.19477399999959744,0.25114639999992505,backbone,both,cayley,2295,46.66725339919916,0.18163350000031642,False,2,,True,2,"cayley,envelope",64,4,RL+Backbone,2
best,C:\Users\erich\Documents\AFRL\Algebraic-Connectivity-Optimization-CDC2026\lite_trials\checkpoints\best.pt,ppo,7000,C:\Users\erich\Documents\AFRL\Algebraic-Connectivity-Optimization-CDC2026\lite_trials\lite_config.yaml,full,91,0.666666666667,0,2760,2760,0.6666666666666666,0,0.6593406593406584,59.999999999999915,0.00572699999975157,0.00572699999975157,0.012934100001075421,backbone,both,cayley,2760,59.9999999999999,0.012933800000610063,False,3,,True,2,"cayley,envelope",64,4,RL+Backbone,0
best,C:\Users\erich\Documents\AFRL\Algebraic-Connectivity-Optimization-CDC2026\lite_trials\checkpoints\best.pt,ppo,7000,C:\Users\erich\Documents\AFRL\Algebraic-Connectivity-Optimization-CDC2026\lite_trials\lite_config.yaml,full,91,0.666666666667,1,2760,2760,0.6666666666666666,1,0.6593406593406583,59.99999999999991,0.00550440000006347,0.00550440000006347,0.010692100000596838,backbone,both,envelope,2759,60.0,0.01069169999937003,False,,,True,2,"cayley,envelope",64,4,RL+Backbone,1
best,C:\Users\erich\Documents\AFRL\Algebraic-Connectivity-Optimization-CDC2026\lite_trials\checkpoints\best.pt,ppo,7000,C:\Users\erich\Documents\AFRL\Algebraic-Connectivity-Optimization-CDC2026\lite_trials\lite_config.yaml,full,91,0.666666666667,2,2760,2760,0.6666666666666666,0,0.6593406593406588,59.99999999999995,0.0050710000014078105,0.0050710000014078105,0.011620100001891842,backbone,both,cayley,2760,59.99999999999995,0.011619900000368943,False,3,,True,2,"cayley,envelope",64,4,RL+Backbone,2
best,C:\Users\erich\Documents\AFRL\Algebraic-Connectivity-Optimization-CDC2026\lite_trials\checkpoints\best.pt,ppo,7000,C:\Users\erich\Documents\AFRL\Algebraic-Connectivity-Optimization-CDC2026\lite_trials\lite_config.yaml,full,91,0.777528089888,0,3204,3204,0.7775280898876404,36,0.7636357170286604,69.4908502496081,0.2105279999996128,0.2105279999996128,0.2123198000008415,backbone,envelope_only,envelope,3168,69.0,0.0017918000012286939,False,,,False,1,envelope,64,4,RL+Backbone,0
best,C:\Users\erich\Documents\AFRL\Algebraic-Connectivity-Optimization-CDC2026\lite_trials\checkpoints\best.pt,ppo,7000,C:\Users\erich\Documents\AFRL\Algebraic-Connectivity-Optimization-CDC2026\lite_trials\lite_config.yaml,full,91,0.777528089888,1,3204,3204,0.7775280898876404,36,0.7636357170286604,69.4908502496081,0.206031300000177,0.206031300000177,0.20780560000093828,backbone,envelope_only,envelope,3168,69.0,0.0017743000007612864,False,,,False,1,envelope,64,4,RL+Backbone,1
best,C:\Users\erich\Documents\AFRL\Algebraic-Connectivity-Optimization-CDC2026\lite_trials\checkpoints\best.pt,ppo,7000,C:\Users\erich\Documents\AFRL\Algebraic-Connectivity-Optimization-CDC2026\lite_trials\lite_config.yaml,full,91,0.777528089888,2,3204,3204,0.7775280898876404,36,0.7636357170286604,69.4908502496081,0.20183879999967758,0.20183879999967758,0.2035768999994616,backbone,envelope_only,envelope,3168,69.0,0.0017380999997840263,False,,,False,1,envelope,64,4,RL+Backbone,2
best,C:\Users\erich\Documents\AFRL\Algebraic-Connectivity-Optimization-CDC2026\lite_trials\checkpoints\best.pt,ppo,7000,C:\Users\erich\Documents\AFRL\Algebraic-Connectivity-Optimization-CDC2026\lite_trials\lite_config.yaml,full,91,0.888639200999,0,3649,3649,0.8886392009987516,37,0.872483093331033,79.395961493124,0.22643150000112655,0.22643150000112655,0.22840370000085386,backbone,envelope_only,envelope,3612,79.0,0.0019721999997273088,False,,,False,1,envelope,64,4,RL+Backbone,0
best,C:\Users\erich\Documents\AFRL\Algebraic-Connectivity-Optimization-CDC2026\lite_trials\checkpoints\best.pt,ppo,7000,C:\Users\erich\Documents\AFRL\Algebraic-Connectivity-Optimization-CDC2026\lite_trials\lite_config.yaml,full,91,0.888639200999,1,3649,3649,0.8886392009987516,37,0.872483093331033,79.395961493124,0.22169229999963136,0.22169229999963136,0.22408630000063567,backbone,envelope_only,envelope,3612,79.0,0.002394000001004315,False,,,False,1,envelope,64,4,RL+Backbone,1
best,C:\Users\erich\Documents\AFRL\Algebraic-Connectivity-Optimization-CDC2026\lite_trials\checkpoints\best.pt,ppo,7000,C:\Users\erich\Documents\AFRL\Algebraic-Connectivity-Optimization-CDC2026\lite_trials\lite_config.yaml,full,91,0.888639200999,2,3649,3649,0.8886392009987516,37,0.872483093331033,79.395961493124,0.22400629999901867,0.22400629999901867,0.22615509999923233,backbone,envelope_only,envelope,3612,79.0,0.0021488000002136687,False,,,False,1,envelope,64,4,RL+Backbone,2
best,C:\Users\erich\Documents\AFRL\Algebraic-Connectivity-Optimization-CDC2026\lite_trials\checkpoints\best.pt,ppo,7000,C:\Users\erich\Documents\AFRL\Algebraic-Connectivity-Optimization-CDC2026\lite_trials\lite_config.yaml,full,91,0.99975031211,0,4094,4094,0.9997503121098626,44,0.9882442123066713,89.93022331990709,0.24844259999917995,0.24844259999917995,0.2509353999976156,backbone,envelope_only,envelope,4050,89.0,0.0024927999984356575,False,,,False,1,envelope,64,4,RL+Backbone,0
best,C:\Users\erich\Documents\AFRL\Algebraic-Connectivity-Optimization-CDC2026\lite_trials\checkpoints\best.pt,ppo,7000,C:\Users\erich\Documents\AFRL\Algebraic-Connectivity-Optimization-CDC2026\lite_trials\lite_config.yaml,full,91,0.99975031211,1,4094,4094,0.9997503121098626,44,0.9882442123066713,89.93022331990709,0.255708799999411,0.255708799999411,0.2582977000001847,backbone,envelope_only,envelope,4050,89.0,0.0025889000007737195,False,,,False,1,envelope,64,4,RL+Backbone,1
best,C:\Users\erich\Documents\AFRL\Algebraic-Connectivity-Optimization-CDC2026\lite_trials\checkpoints\best.pt,ppo,7000,C:\Users\erich\Documents\AFRL\Algebraic-Connectivity-Optimization-CDC2026\lite_trials\lite_config.yaml,full,91,0.99975031211,2,4094,4094,0.9997503121098626,44,0.9882442123066713,89.93022331990709,0.25503049999861105,0.25503049999861105,0.25924839999788674,backbone,envelope_only,envelope,4050,89.0,0.004217899999275687,False,,,False,1,envelope,64,4,RL+Backbone,2
