global_env_steps,update_idx,phase,rl_variant,init_mode,steps_per_sec,elapsed_sec,eta_sec,mean_episode_return,mean_terminal_lambda2_norm,mean_init_edges,mean_init_lambda2,mean_init_build_runtime_sec,mean_init_cache_hit,policy_loss,value_loss,entropy,approx_kl,learning_rate,selector_loss,selector_recall_at_k,selector_k_mean,selector_learning_rate,best_eval_metric
200,0,phase_a_12_16,full,path,61.958931768941845,3.2279446125030518,19364.439730405807,1.7583376689671724,0.0889043857358236,13.0,0.0,0.0,0.0,0.0,0.0,0.0,0.0,0.0003,0.0,0.0,0.0,0.0,-1e+18
400,0,phase_a_12_16,full,path,110.1804520709383,3.6304080486297607,10887.593737840652,1.9886946358296647,0.2281668227351901,13.0,0.0,0.0,0.0,0.0,0.0,0.0,0.0,0.0003,0.0,0.0,0.0,0.0,-1e+18
600,0,phase_a_12_16,full,path,146.54732927766034,4.094240427017212,8184.386613607407,2.2627681142101954,0.32764748727678844,12.916666666666666,0.0,0.0,0.0,0.0,0.0,0.0,0.0,0.0003,0.0,0.0,0.0,0.0,-1e+18
800,0,phase_a_12_16,full,path,180.52950299071782,4.431408643722534,6642.681556940079,2.351354799908429,0.32936236763298915,12.9375,0.0,0.0,0.0,0.0,0.0,0.0,0.0,0.0003,0.0,0.0,0.0,0.0,-1e+18
1000,0,phase_a_12_16,full,path,209.6011560110144,4.770966053009033,5720.388297557831,2.4403282437121927,0.3348347735599473,12.952380952380953,0.0,0.0,0.0,0.0,0.0,0.0,0.0,0.0003,0.0,0.0,0.0,0.0,-1e+18
1200,0,phase_a_12_16,full,path,231.70507345220048,5.17899751663208,5173.818519115448,2.452460943529897,0.35068685586641135,12.925925925925926,0.0,0.0,0.0,0.0,0.0,0.0,0.0,0.0003,0.0,0.0,0.0,0.0,-1e+18
1400,0,phase_a_12_16,full,path,250.8493297499173,5.5810394287109375,4778.167042323521,2.4192960409148516,0.3246853887018034,13.064516129032258,0.0,0.0,0.0,0.0,0.0,0.0,0.0,0.0003,0.0,0.0,0.0,0.0,-1e+18
1600,0,phase_a_12_16,full,path,266.49942297192433,6.003765344619751,4496.8202431201935,2.462704653825898,0.3361731497085554,12.942857142857143,0.0,0.0,0.0,0.0,0.0,0.0,0.0,0.0003,0.0,0.0,0.0,0.0,-1e+18
1800,0,phase_a_12_16,full,path,280.85719295077666,6.408951044082642,4266.225078344345,2.522571806603538,0.34477205765187613,13.102564102564102,0.0,0.0,0.0,0.0,0.0,0.0,0.0,0.0003,0.0,0.0,0.0,0.0,-1e+18
2000,0,phase_a_12_16,full,path,246.91671559460687,8.099897146224976,4851.83839058876,2.529938324643802,0.34232173381829123,13.090909090909092,0.0,0.0,0.0,0.0,0.0,0.0,0.0,0.0003,0.0,0.0,0.0,0.0,0.2509384419322604
2200,1,phase_a_12_16,full,path,36.428574318954595,60.392152070999146,32880.781704837624,2.548538759843976,0.34548241049626816,13.122448979591837,0.0,0.0,0.0,-0.000272755729383789,0.0993647446448449,3.932876879349351,-2.883092383854091e-05,0.0002994871794871795,0.0,0.0,0.0,0.0,0.2509384419322604
2400,1,phase_a_12_16,full,path,39.45849601132981,60.823402881622314,30350.878037929535,2.532460184171848,0.3367139783050014,13.145454545454545,0.0,0.0,0.0,-0.000272755729383789,0.0993647446448449,3.932876879349351,-2.883092383854091e-05,0.0002994871794871795,0.0,0.0,0.0,0.0,0.2509384419322604
2600,1,phase_a_12_16,full,path,42.399472275949314,61.32151794433594,28240.917533287637,2.523011015776415,0.339581014274346,13.033898305084746,0.0,0.0,0.0,-0.000272755729383789,0.0993647446448449,3.932876879349351,-2.883092383854091e-05,0.0002994871794871795,0.0,0.0,0.0,0.0,0.2509384419322604
2800,1,phase_a_12_16,full,path,45.36154377484028,61.72629427909851,26392.39982533455,2.5207645714134,0.3332751764572351,12.984126984126984,0.0,0.0,0.0,-0.000272755729383789,0.0993647446448449,3.932876879349351,-2.883092383854091e-05,0.0002994871794871795,0.0,0.0,0.0,0.0,0.2509384419322604
3000,1,phase_a_12_16,full,path,47.5514530122074,63.08955478668213,25172.73235988617,2.508247330245249,0.33012246889853275,13.071428571428571,0.0,0.0,0.0,-0.000272755729383789,0.0993647446448449,3.932876879349351,-2.883092383854091e-05,0.0002994871794871795,0.0,0.0,0.0,0.0,0.2509384419322604
3200,1,phase_a_12_16,full,path,50.2647435529104,63.66291308403015,23809.929493427277,2.4603624998658487,0.32064767061844685,13.064935064935066,0.0,0.0,0.0,-0.000272755729383789,0.0993647446448449,3.932876879349351,-2.883092383854091e-05,0.0002994871794871795,0.0,0.0,0.0,0.0,0.2509384419322604
3400,1,phase_a_12_16,full,path,53.009443026835264,64.13951563835144,22573.336592015097,2.473250851516687,0.32477750784448195,13.075949367088608,0.0,0.0,0.0,-0.000272755729383789,0.0993647446448449,3.932876879349351,-2.883092383854091e-05,0.0002994871794871795,0.0,0.0,0.0,0.0,0.2509384419322604
3600,1,phase_a_12_16,full,path,55.75638273916013,64.56659889221191,21457.633031845093,2.470355082614995,0.32989509973624714,13.05952380952381,0.0,0.0,0.0,-0.000272755729383789,0.0993647446448449,3.932876879349351,-2.883092383854091e-05,0.0002994871794871795,0.0,0.0,0.0,0.0,0.2509384419322604
3800,1,phase_a_12_16,full,path,58.39557066460966,65.07342863082886,20484.430349525654,2.487036679974914,0.33112296312241235,13.079545454545455,0.0,0.0,0.0,-0.000272755729383789,0.0993647446448449,3.932876879349351,-2.883092383854091e-05,0.0002994871794871795,0.0,0.0,0.0,0.0,0.2509384419322604
4000,1,phase_a_12_16,full,path,59.34436355061291,67.40319991111755,20153.55677342415,2.4920617086747634,0.3390593363654205,13.063157894736841,0.0,0.0,0.0,-0.000272755729383789,0.0993647446448449,3.932876879349351,-2.883092383854091e-05,0.0002994871794871795,0.0,0.0,0.0,0.0,0.3110396507537808
4200,2,phase_a_12_16,full,path,35.51436380407304,118.26200866699219,33670.88332475935,2.509352774435286,0.34080144514224026,13.06,0.0,0.0,0.0,-0.002434552472550422,0.05265197131666355,3.8678003791719675,0.00027499065618030727,0.00029897435897435895,0.0,0.0,0.0,0.0,0.3110396507537808
4400,2,phase_a_12_16,full,path,37.082058842974405,118.65576338768005,32242.006978706882,2.457795842930904,0.3274788054262479,13.036697247706423,0.0,0.0,0.0,-0.002434552472550422,0.05265197131666355,3.8678003791719675,0.00027499065618030727,0.00029897435897435895,0.0,0.0,0.0,0.0,0.3110396507537808
4600,2,phase_a_12_16,full,path,38.64786211189701,119.02340126037598,30930.55953622901,2.4345757405643353,0.32031362298208427,13.043859649122806,0.0,0.0,0.0,-0.002434552472550422,0.05265197131666355,3.8678003791719675,0.00027499065618030727,0.00029897435897435895,0.0,0.0,0.0,0.0,0.3110396507537808
4800,2,phase_a_12_16,full,path,40.19110720856589,119.4294044971466,29737.9217197895,2.4426226231655264,0.3216605966385065,13.0,0.0,0.0,0.0,-0.002434552472550422,0.05265197131666355,3.8678003791719675,0.00027499065618030727,0.00029897435897435895,0.0,0.0,0.0,0.0,0.3110396507537808
5000,2,phase_a_12_16,full,path,41.725047406375296,119.83209872245789,28639.871594667435,2.4348824308629573,0.3206364739948676,12.983870967741936,0.0,0.0,0.0,-0.002434552472550422,0.05265197131666355,3.8678003791719675,0.00027499065618030727,0.00029897435897435895,0.0,0.0,0.0,0.0,0.3110396507537808
5200,2,phase_a_12_16,full,path,43.23731236008087,120.26649475097656,27633.539986243613,2.444554157667275,0.3260238918311882,12.976744186046512,0.0,0.0,0.0,-0.002434552472550422,0.05265197131666355,3.8678003791719675,0.00027499065618030727,0.00029897435897435895,0.0,0.0,0.0,0.0,0.3110396507537808
5400,2,phase_a_12_16,full,path,44.74142445737398,120.69351983070374,26700.088664770126,2.433624428606267,0.3222753221250907,12.977611940298507,0.0,0.0,0.0,-0.002434552472550422,0.05265197131666355,3.8678003791719675,0.00027499065618030727,0.00029897435897435895,0.0,0.0,0.0,0.0,0.3110396507537808
5600,2,phase_a_12_16,full,path,46.25117216515774,121.07801246643066,25824.210373197286,2.4555297582380256,0.32796091825131113,12.978571428571428,0.0,0.0,0.0,-0.002434552472550422,0.05265197131666355,3.8678003791719675,0.00027499065618030727,0.00029897435897435895,0.0,0.0,0.0,0.0,0.3110396507537808
5800,2,phase_a_12_16,full,path,47.7487793384032,121.46907377243042,25010.063430868347,2.439226899836895,0.3214516487510681,12.986394557823129,0.0,0.0,0.0,-0.002434552472550422,0.05265197131666355,3.8678003791719675,0.00027499065618030727,0.00029897435897435895,0.0,0.0,0.0,0.0,0.3110396507537808
6000,2,phase_a_12_16,full,path,48.65748485810863,123.3109359741211,24538.876258850098,2.440934790260293,0.3202250975366169,13.0,0.0,0.0,0.0,-0.002434552472550422,0.05265197131666355,3.8678003791719675,0.00027499065618030727,0.00029897435897435895,0.0,0.0,0.0,0.0,0.4716097578094408
26000,12,phase_a_12_16,full,path,89.67466369792383,289.93696689605713,13091.76919753735,2.5599556201330653,0.3617571900223534,12.985,0.0,0.0,0.0,-0.00067863804542867,0.005627470105537213,3.821603776887059,0.005817686476802919,0.0002938461538461538,0.0,0.0,0.0,0.0,0.5314473024531339
46000,22,phase_a_12_16,full,path,97.59199430150679,471.35013818740845,11824.740423223246,2.5096538943587245,0.34543861030445927,13.13,0.0,0.0,0.0,0.0017159856361104175,0.006509248284601199,3.879337066784501,0.0031717889942228794,0.0002887179487179487,0.0,0.0,0.0,0.0,0.5314473024531339
66000,32,phase_a_12_16,full,path,99.5550553863571,662.9497592449188,11390.682227026333,2.473832661970904,0.325340810961967,13.205,0.0,0.0,0.0,-0.0050599700152815785,0.004881672967712802,3.911661721765995,0.004721376069937833,0.00028358974358974354,0.0,0.0,0.0,0.0,0.5314473024531339
86000,41,phase_a_12_16,full,path,102.41508036007954,839.720085144043,10877.304358726324,2.5343705821619174,0.3407615764270039,13.07,0.0,0.0,0.0,-0.00543996763008181,0.0035735202400246635,3.7819495908915997,0.01426051387534244,0.00027897435897435895,0.0,0.0,0.0,0.0,0.5314473024531339
106000,51,phase_a_12_16,full,path,103.18333886936993,1027.2976350784302,10602.486912979271,2.4469813083043235,0.33566285323968825,12.94,0.0,0.0,0.0,-0.004008880496257916,0.0033714485944074113,3.7314418647438288,0.013456286069413181,0.0002738461538461538,0.0,0.0,0.0,0.0,0.5314473024531339
126000,61,phase_a_12_16,full,path,103.8424559711488,1213.3765406608582,10342.590513252077,2.5455234420003006,0.345293705609556,13.025,0.0,0.0,0.0,-0.0009251333758584224,0.0023640282552150893,3.72805711068213,0.011834207725769375,0.0002687179487179487,0.0,0.0,0.0,0.0,0.5314473024531339
146000,71,phase_a_12_16,full,path,104.66932669383135,1394.8690090179443,10069.807777430913,2.424348114792854,0.319105227538578,13.145,0.0,0.0,0.0,-0.002577263890998438,0.001896922007745161,3.825199918821454,0.015723362397693563,0.00026358974358974354,0.0,0.0,0.0,0.0,0.5314473024531339
166000,81,phase_a_12_16,full,path,105.34696221468346,1575.7454843521118,9815.18572783183,2.6231959572255783,0.3659519268374878,13.15,0.0,0.0,0.0,-0.009378738177474588,0.0019411927496548742,3.844760799780488,0.016490609232278075,0.00025846153846153846,0.0,0.0,0.0,0.0,0.5314473024531339
186000,90,phase_a_12_16,full,path,107.21156250017972,1734.8875033855438,9457.935099101836,2.5248222695352975,0.3429047868249354,12.985,0.0,0.0,0.0,-0.006473845198343042,0.0017738265141815646,3.8424901347607374,0.005762800254160538,0.0002538461538461538,0.0,0.0,0.0,0.0,0.5451143361483942
206000,100,phase_a_12_16,full,path,108.06839702200527,1906.200199842453,9197.878634191255,2.575792653690034,0.3769705069730155,12.975,0.0,0.0,0.0,-0.007228352886158973,0.0013699580058528227,3.8406131211668253,0.009364891549921595,0.0002487179487179487,0.0,0.0,0.0,0.0,0.5451143361483942
226000,110,phase_a_12_16,full,path,108.86620325889379,2075.942700624466,8946.761904461193,2.5344103603495487,0.3517380009381162,13.19,0.0,0.0,0.0,-0.001345526980003342,0.00115181540309095,3.8242261298000813,0.015257761609973386,0.00024358974358974357,0.0,0.0,0.0,0.0,0.5595755404242557
246000,120,phase_a_12_16,full,path,109.68880850123023,2242.708288669586,8697.33214386498,2.492509254839508,0.357405561056514,13.035,0.0,0.0,0.0,-0.009636540482460987,0.0016528563687643327,3.7594045605510473,0.01285340501635801,0.00023846153846153847,0.0,0.0,0.0,0.0,0.582117388566853
266000,129,phase_a_12_16,full,path,110.76840195700424,2401.4068570137024,8432.007535529316,2.541703967848834,0.3675929813843728,12.98,0.0,0.0,0.0,-0.0012884738825960085,0.0011979197292930621,3.849740231409669,0.02056158712366596,0.00023384615384615382,0.0,0.0,0.0,0.0,0.5837356328982358
286000,139,phase_a_12_16,full,path,111.03198474413048,2575.8343477249146,8231.862216155845,2.448838273288734,0.33457315537999,12.955,0.0,0.0,0.0,-0.0007365461206063628,0.0015415151769957447,3.833785653114319,0.010652530370862223,0.00022871794871794868,0.0,0.0,0.0,0.0,0.5837356328982358
306000,149,phase_a_12_16,full,path,111.31389182109872,2748.9830334186554,8031.342587830974,2.447322917990036,0.33546959325016007,13.015,0.0,0.0,0.0,-0.0019307027905597351,0.0015708700198047154,3.82906161993742,0.018212466973636765,0.00022358974358974358,0.0,0.0,0.0,0.0,0.5837356328982358
326000,159,phase_a_12_16,full,path,111.60736705620184,2920.9541323184967,7831.024268853884,2.457748651934613,0.3322333975449707,12.965,0.0,0.0,0.0,0.014300637547421502,0.001735804750751413,3.7676909007132053,0.031035308187711053,0.00021846153846153847,0.0,0.0,0.0,0.0,0.5837356328982358
346000,168,phase_a_12_16,full,path,112.47147685825328,3076.335526704788,7593.036242213552,2.409761322921371,0.310062535840272,12.945,0.0,0.0,0.0,-0.0003958213055739179,0.0011575246167012665,3.8020928371697664,0.0187285749707371,0.00021384615384615385,0.0,0.0,0.0,0.0,0.5837356328982358
366000,178,phase_a_12_16,full,path,112.58364542304484,3250.9162287712097,7407.825504904888,2.518618143068499,0.33936290064865154,13.025,0.0,0.0,0.0,-0.003949448073399253,0.0012846057459228177,3.7821546643972397,0.02147504105232656,0.00020871794871794868,0.0,0.0,0.0,0.0,0.5837356328982358
386000,188,phase_a_12_16,full,path,112.72595638010883,3424.2335340976715,7221.0520641334315,2.478099160622243,0.32975851983197435,12.95,0.0,0.0,0.0,-0.003182428947184235,0.0010480075204668537,3.907378666102886,0.0267439504241338,0.00020358974358974358,0.0,0.0,0.0,0.0,0.5837356328982358
406000,198,phase_b_16_32,full,path,101.92736817595404,3983.2285211086273,7789.860703842981,2.690277614095153,0.3650669582437066,14.575,0.0,0.0,0.0,0.0066771007477655075,0.0024952923836281116,4.575859013944864,0.01619422817020677,0.00019846153846153844,0.0,0.0,0.0,0.0,0.5837356328982358
426000,208,phase_b_16_32,full,path,81.98848419762328,5195.851639032364,9440.350161058803,3.419732611826584,0.3835964880363187,22.125,0.0,0.0,0.0,-0.003586461691156728,0.0008878218590098186,4.689053274691105,0.004318999781389721,0.0001933333333333333,0.0,0.0,0.0,0.0,0.5837356328982358
446000,217,phase_b_16_32,full,path,69.9547020085718,6375.554282903671,10778.403428944772,3.3402420632335317,0.33092490064013447,23.12,0.0,0.0,0.0,0.0035102279725833796,0.0008728933003112616,4.6258566081523895,0.019953202281612903,0.00018871794871794869,0.0,0.0,0.0,0.0,0.5837356328982358
466000,227,phase_b_16_32,full,path,61.5727593442006,7568.281898736954,11920.85603792473,3.395495058308477,0.36006525612800655,22.855,0.0,0.0,0.0,0.007595997107273433,0.0009556105118235791,4.683845646679401,0.04794314003083855,0.00018358974358974358,0.0,0.0,0.0,0.0,0.5837356328982358
486000,237,phase_b_16_32,full,path,55.53889991966413,8750.62344956398,12855.854203680416,3.4080201549961955,0.35202212662097787,22.795,0.0,0.0,0.0,0.01747044282456045,0.0007010117261643245,4.64257275685668,0.08918137894943357,0.00017846153846153844,0.0,0.0,0.0,0.0,0.5837356328982358
506000,247,phase_b_16_32,full,path,51.046031333170035,9912.62174129486,13595.572111578327,3.442873392312962,0.34671262441126954,23.145,0.0,0.0,0.0,0.0005682579794665799,0.0005879398169099659,4.719275984913111,0.026609283668221906,0.0001733333333333333,0.0,0.0,0.0,0.0,0.5837356328982358
526000,256,phase_b_16_32,full,path,47.69744223173757,11027.845003604889,14130.736753668623,3.412415127744304,0.3468850062901361,22.675,0.0,0.0,0.0,0.006268134668061975,0.0013719368913598373,4.720529615879059,0.01724706549430266,0.00016871794871794871,0.0,0.0,0.0,0.0,0.5837356328982358
546000,266,phase_b_16_32,full,path,44.97730874675999,12139.454654216766,14540.665464940961,3.405397778653882,0.33156772585140054,23.54,0.0,0.0,0.0,0.015334235125919804,0.0009578294886978256,4.63028733804822,0.022590468695852906,0.00016358974358974358,0.0,0.0,0.0,0.0,0.5837356328982358
566000,276,phase_b_16_32,full,path,42.80981516068054,13221.267082691193,14809.687862943843,3.4054438418383293,0.35490015154797483,22.625,0.0,0.0,0.0,0.03134318506999989,0.0004026881565550866,4.688551288098097,0.056032744789263234,0.00015846153846153845,0.0,0.0,0.0,0.0,0.5837356328982358
586000,286,phase_b_16_32,full,path,41.018756960434445,14286.14720249176,14968.761744590343,3.4430728062090936,0.3758216851191626,22.545,0.0,0.0,0.0,0.0031005444325273857,0.0005648116601832953,4.721113003790379,0.02109136781655252,0.0001533333333333333,0.0,0.0,0.0,0.0,0.5837356328982358
606000,295,phase_b_16_32,full,path,39.49965628908136,15341.905650138855,15038.105538254917,3.3831347722473772,0.3487414722716883,22.94,0.0,0.0,0.0,0.006010328928823583,0.0005623392659401816,4.63471919298172,0.06649907032260671,0.00014871794871794872,0.0,0.0,0.0,0.0,0.5837356328982358
626000,305,phase_b_16_32,full,path,38.07077899102126,16443.057289361954,15077.180326028372,3.426738585677014,0.36858471800561565,23.07,0.0,0.0,0.0,0.0005647171128657646,0.0005848555379088793,4.557496678084135,0.026173834266955964,0.00014358974358974355,0.0,0.0,0.0,0.0,0.5837356328982358
646000,315,phase_b_16_32,full,path,36.822967620444885,17543.398638010025,15044.957965104571,3.4847121964695735,0.3799502177020404,23.975,0.0,0.0,0.0,0.000735245987016242,0.000240060938182296,4.726640339940786,0.007696062733884901,0.00013846153846153845,0.0,0.0,0.0,0.0,0.5837356328982358
666000,325,phase_b_16_32,full,path,35.86486643913328,18569.705288887024,14889.223159558065,3.4209802858549123,0.3697144711565961,22.53,0.0,0.0,0.0,-0.0003683163449750282,0.0006655667792756503,4.619723524898291,0.012954859819728881,0.0001333333333333333,0.0,0.0,0.0,0.0,0.5837356328982358
686000,334,phase_b_16_32,full,path,35.08783172047512,19550.937358140945,14648.953064263042,3.4044896807637532,0.35685921274155813,22.49,0.0,0.0,0.0,0.008156003770636744,0.0006176801342689942,4.591215468943119,0.044979103666264564,0.00012871794871794872,0.0,0.0,0.0,0.0,0.5837356328982358
706000,344,phase_b_16_32,full,path,34.40366109434266,20521.07181453705,14358.936935384281,3.455462883414785,0.360186941136855,23.41,0.0,0.0,0.0,0.06621789771452313,0.0005043981515200358,4.525289464741945,0.1501418359694071,0.00012358974358974358,0.0,0.0,0.0,0.0,0.5837356328982358
726000,354,phase_b_16_32,full,path,33.73993041580955,21517.531039714813,14048.635968078266,3.3294057419286553,0.36000852943424744,22.31,0.0,0.0,0.0,0.029576430668385,0.0005776515934030613,4.554819442331791,0.09471350340754725,0.00011846153846153846,0.0,0.0,0.0,0.0,0.5837356328982358
746000,364,phase_b_16_32,full,path,33.1455802447006,22506.77147579193,13697.150469181686,3.4560769106123668,0.37139238111356726,23.475,0.0,0.0,0.0,0.006801448431360768,0.0006812436850509584,4.5474022552371025,0.015753462736029178,0.00011333333333333331,0.0,0.0,0.0,0.0,0.5837356328982358
766000,374,phase_b_16_32,full,path,32.584123383743204,23508.381397247314,13319.370138910359,3.4621893799200594,0.35678462597238275,23.24,0.0,0.0,0.0,-0.0021877704275539145,0.00042923211634615654,4.564368650317192,0.03306726278970018,0.0001082051282051282,0.0,0.0,0.0,0.0,0.5837356328982358
786000,383,phase_b_16_32,full,path,32.104515551945774,24482.53731560707,12895.382250205252,3.399567960585353,0.3581272571769403,22.445,0.0,0.0,0.0,-0.0012582820709212683,0.0007728246661713456,4.598191455006599,0.024774944584351033,0.00010358974358974359,0.0,0.0,0.0,0.0,0.5837356328982358
806000,393,phase_c_16_64,full,path,30.843446922618238,26131.969037771225,12774.188338563106,3.500478737253263,0.3758635999039134,23.345,0.0,0.0,0.0,0.029113952623447403,0.001561617644370017,4.690176833420992,0.045855795353418216,9.846153846153846e-05,0.0,0.0,0.0,0.0,0.5837356328982358
